No.,Description,Quantity, Unit Price ,Item Category Code,Product Model
POWER-S60120,HUAWEI POWER S 60KW SOLAR INVERTER+BATTERY 120KWH,1," 10,030,000 ",HUAWEI,INVERTER
POWER-S6080,HUAWEI POWER S 60KW SOLAR INVERTER+BATTERY 80KWH,0," 9,040,000 ",HUAWEI,INVERTER
POWER-S4080,HUAWEI POWER S 40KW SOLAR INVERTER+BATTERY 80KWH,1," 7,610,000 ",HUAWEI,INVERTER
POWER-S3060,HUAWEI POWER S 30KW SOLAR INVERTER+BATTERY 60KWH,1," 5,180,000 ",HUAWEI,INVERTER
POWER-S1530,HUAWEI POWER S 15KW SOLAR INVERTER+BATTERY 30KWH,0," 2,870,000 ",HUAWEI,INVERTER
EST2000,ULTRASUN CWS2000 SOLAR HOT WATER SYSTEM,0," 2,570,000 ",BURAL,SHW
POWER-S1020,HUAWEI POWER S 10KW SOLAR INVERTER+BATTERY 20KWH,0," 2,440,000 ",HUAWEI,INVERTER
EST1500,ULTRASUN CWS1500 SOLAR HOT WATER SYSTEM,0," 1,642,000 ",BURAL,SHW
SUN2000-330KTL-H2,HUAWEI SUN2000 330KTL-H2 330KW 3PH SOLAR INVERTER,10," 1,450,000 ",HUAWEI,INVERTER
EST1000,ULTRASUN CWS1000 SOLAR HOT WATER SYSTEM,0," 1,190,000 ",BURAL,SHW
SP15K,OPTI SP15K PREMIUM 3PH,1," 877,000 ",ZMISC.,OPTI
SV3/45T,DAYLIFF SV3 45KW 3PH SUNVERTER,3," 870,000 ",DAYLIFF,SUNVERTER
SUN2000-115KTL-M2,HUAWEI SUN2000 115KTL-M2 115KW 3PH SOLAR INVERTER,16," 820,000 ",HUAWEI,INVERTER
ESS500,ULTRASUN CWS0500 VERTICAL SOLAR HOT WATER SYSTEM,0," 816,000 ",BURAL,SHW
SMARTA-CU2000D,HUAWEI SMART ARRAY CONTROLLER CU2000D-D-D01,2," 780,000 ",HUAWEI,ACCESSORY
SV3/37T,DAYLIFF SV3 37KW 3PH SUNVERTER,4," 740,000 ",DAYLIFF,SUNVERTER
SUN2000-100KTL-M2,HUAWEI SUN2000 100KTL-M2 100KW 3PH SOLAR INVERTER,20," 710,000 ",HUAWEI,INVERTER
SUN2000-100KTL-M1,HUAWEI SUN2000 100KTL-M1 100KW 3PH SOLAR INVERTER,2," 650,000 ",HUAWEI,INVERTER
SV3/30T,DAYLIFF SV3 30KW 3PH SUNVERTER,2," 600,000 ",DAYLIFF,SUNVERTER
80KTL3-LV,DAYLIFF GROWATT 80KW 3PH GRID-TIE INVERTER,1," 580,000 ",DAYLIFF,GROWATT
POWERADAPT72A,GRUNDFOS POWERADAPT 72A CONTROLLER,0," 566,000 ",GRUNDFOS,SOLAR SP
ESS200,ULTRASUN CWS0300 VERTICAL SOLAR HOT WATER SYSTEM,0," 565,000 ",BURAL,SHW
RSI220,GRUNDFOS RSI 22000 22KW SOLAR INVERTER,0," 564,000 ",GRUNDFOS,SOLAR SP
DSKIT-X2200C09,DAYLIFF SUNFLEX 2200C9 SOLAR PUMPING KIT,0," 547,000 ",DAYLIFF,SOLAR PUMP
DSKIT-B2200C20,DAYLIFF SUNFLO-B 2200C20 SOLAR PUMPING KIT,0," 541,000 ",DAYLIFF,SOLAR PUMP
SUN2000-036KTL-M3,HUAWEI SUN2000 36KTL-M3 36KW 3PH SOLAR INVERTER,2," 520,000 ",HUAWEI,INVERTER
SUN2000-040KTL-M3,HUAWEI SUN2000 40KTL-M3 40KW 3PH SOLAR INVERTER,0," 510,000 ",HUAWEI,INVERTER
SQF3-105,GRUNDFOS SQF 3-105 SOLAR PUMP,0," 502,000 ",GRUNDFOS,SOLAR SP
SQF7-55,GRUNDFOS SQF 7-55 SOLAR PUMP,0," 502,000 ",GRUNDFOS,SOLAR SP
SMA-SI8M,SUNNY ISLAND MASTER SI8H-13 8kW BATTERY INVERTER,0," 500,000 ",SMA,INVERTER
SQF5-70,GRUNDFOS SQF 5-70 SOLAR PUMP,0," 500,000 ",GRUNDFOS,SOLAR SP
SPSTR-000058,10000LTRS 3M HIGH STEEL TANK SUPPORT STRUCTURE,0," 468,000 ",DAYLIFF,SOLAR FAB
SV3/22T,DAYLIFF SV3 22KW 3PH SUNVERTER,18," 452,000 ",DAYLIFF,SUNVERTER
50KTL3-LV,DAYLIFF GROWATT 50KW 3PH GRID-TIE INVERTER,0," 450,000 ",DAYLIFF,GROWATT
CRF03-9,GRUNDFOS CRNFLEX 3-11 SOLAR PUMP,0," 450,000 ",GRUNDFOS,SOLAR CR
POWERADAPT31A,GRUNDFOS POWERADAPT 31A CONTROLLER,0," 442,000 ",GRUNDFOS,SOLAR SP
LC07A,LORENTZ PS7K2 5.5kVA CONTROLLER,0," 440,000 ",LORENTZ,AC-CONTROL
SUN2000-050KTL-M0,HUAWEI SUN2000 50KTL-M0 50KW 3PH SOLAR INVERTER,1," 430,000 ",HUAWEI,INVERTER
SUN2000-050KTL-M3,HUAWEI SUN2000 50KTL-M3 50KW 3PH SOLAR INVERTER,19," 430,000 ",HUAWEI,INVERTER
RSI150,GRUNDFOS RSI 15000 15KW SOLAR INVERTER,1," 420,000 ",GRUNDFOS,SOLAR SP
SMA-ST25,SUNNY TRIPOWER STP25000TL INVERTER,0," 400,000 ",SMA,INVERTER
SUN2000-060KTL-M0,HUAWEI SUN2000 60KTL-M0 60KW 3PH SOLAR INVERTER,1," 400,000 ",HUAWEI,INVERTER
SUN2000-60KTL-M0,HUAWEI SUN2000 60KTL-M0,0," 400,000 ",HUAWEI,INVERTER
SMA-ST20,SUNNY TRIPOWER STP20000TL INVERTER,0," 390,000 ",SMA,INVERTER
OPI-SP10K,DAYLIFF OPTIVERTER DO11000 MULTIFUNCTION INVERTER,2," 385,000 ",OPTI,INVERTER
SQF3A-10,GRUNDFOS SQF 3A-10 SOLAR PUMP,0," 385,000 ",GRUNDFOS,SOLAR SP
SQF5A-7,GRUNDFOS SQF 5A-7 SOLAR PUMP,0," 385,000 ",GRUNDFOS,SOLAR SP
HPW300,DAYLIFF HPW300 2.5kW 1PH ALL-IN-ONE HEAT PUMP,14," 383,000 ",SUNRAIN,HEATING
SV3/185T,DAYLIFF SV3 18.5KW 3PH SUNVERTER,10," 380,000 ",DAYLIFF,SUNVERTER
POWERADAPT16A,GRUNDFOS POWERADAPT 16A CONTROLLER,0," 377,000 ",GRUNDFOS,SOLAR SP
LP400C5,LORENTZ PU4000C-SJ5-25 SOLAR PUMP,0," 376,000 ",LORENTZ,DC PUMP
LP400C8,LORENTZ PU4000C-SJ8-15 SOLAR PUMP,0," 376,000 ",LORENTZ,DC PUMP
CPLI-48150AH,DAYLIFF 150AH LiFePO4 LITHIUM ION BATTERY C/W BMS,14," 375,000 ",CHAMPION,BATTERY
ESI300,ULTRASUN UFX300I FLATPLATE SOLAR HOT WATER SYSTEM,75," 375,000 ",BURAL,SHW
SQF1.2-2,GRUNDFOS SQF 1.2-2 SOLAR PUMP,0," 375,000 ",GRUNDFOS,SOLAR SP
SQF1.2-3,GRUNDFOS SQF 1.2-3 SOLAR PUMP,1," 375,000 ",GRUNDFOS,SOLAR SP
SQF2.5-2,GRUNDFOS SQF 2.5-2 SOLAR PUMP,0," 375,000 ",GRUNDFOS,SOLAR SP
RSI110,GRUNDFOS RSI 11000 11KW SOLAR INVERTER,0," 368,000 ",GRUNDFOS,SOLAR SP
DLIP-15048,DAYLIFF DLIP 150AH 48V LITHIUM ION BATTERY,75," 365,000 ",DAYLIFF,BATTERY
SUN2000-030KTL-M3,HUAWEI SUN2000 30KTL-M3 30KW 3PH SOLAR INVERTER,19," 360,000 ",HUAWEI,INVERTER
RSI 7500,GRUNDFOS RSI 7500 7.5KW SOLAR INVERTER,0," 355,000 ",GRUNDFOS,SOLAR SP
DSH300,ULTRASUN UVR300 VACROD SOLAR HOT WATER SYSTEM,17," 346,000 ",SUNRAIN,SHW
SP-8000,DAYLIFF OPTIVERTER DO8000 MULTIFUNCTION INVERTER,18," 345,000 ",OPTI,INVERTER
DSDKIT-8/17,DAYLIFF DSD 8/17 SOLAR PUMPING SYSTEM,0," 335,000 ",DAYLIFF,DSD
HPW200,DAYLIFF HPW200 2.5kW 1PH ALL-IN-ONE HEAT PUMP,11," 335,000 ",SUNRAIN,HEATING
DSKIT-B1000C8,DAYLIFF SUNFLO-B 1000C8 SOLAR PUMPING KIT,6," 335,000 ",DAYLIFF,SOLAR PUMP
RSI 5500,GRUNDFOS RSI 5500 5.5KW SOLAR INVERTER,2," 334,000 ",GRUNDFOS,SOLAR SP
DSDKIT-3/30,DAYLIFF DSD 3/30 SOLAR PUMPING SYSTEM,0," 332,000 ",DAYLIFF,DSD
DSDKIT-5/24,DAYLIFF DSD 5/24 SOLAR PUMPING SYSTEM,0," 331,000 ",DAYLIFF,DSD
LUNA-BATTERY,HUAWEI LUNA 5KWH SOLAR BATTERY MODULE,12," 330,000 ",HUAWEI,BATTERY
DSKIT-X1500C3,DAYLIFF SUNFLO MAX HEAD PAYGO PUMPING SYSTEM ,4," 329,500 ",DAYLIFF,SOLAR PUMP
ESD300,ULTRASUN UFX300D FLATPLATE SOLAR HOT WATER SYSTEM,7," 322,000 ",BURAL,SHW
DSKIT10,DAYLIFF SUNFLO-B 1000C2 SOLAR PUMPING SYSTEM,2," 322,000 ",DAYLIFF,SOLAR PUMP
HPW150,DAYLIFF HPW150 2.5kW 1PH ALL-IN-ONE HEAT PUMP,26," 313,000 ",SUNRAIN,HEATING
RSI 3000,GRUNDFOS RSI 3000 3KW SOLAR INVERTER,3," 313,000 ",GRUNDFOS,SOLAR SP
DSKIT-X1500C8,DAYLIFF SUNFLO MAX FLOW PAYGO PUMPING SYSTEM ,5," 311,400 ",DAYLIFF,SOLAR PUMP
CPLI-48100AH,DAYLIFF 100AH LiFePO4 LITHIUM ION BATTERY C/W BMS,6," 310,000 ",CHAMPION,BATTERY
ESI200,ULTRASUN UFX200I FLATPLATE SOLAR HOT WATER SYSTEM,22," 308,000 ",BURAL,SHW
SUN2000-020KTL-M2,HUAWEI SUN2000 20KTL-M2 20KW 3PH SOLAR INVERTER,0," 303,000 ",HUAWEI,INVERTER
SUN2000-020KTL-M5,HUAWEI SUN2000 20KTL-M5 20KW 3PH SOLAR INVERTER,11," 303,000 ",HUAWEI,INVERTER
SUNTOWER 2.4M/1,DAYLIFF GALV. SUNTOWER 2.4M C/W 6000L PLASTIC TANK,0," 302,000 ",FAB,SUPPORT ST
DLIP-10048,DAYLIFF DLIP 100AH 48V LITHIUM ION BATTERY,53," 300,000 ",DAYLIFF,BATTERY
30KTL3-X,DAYLIFF GROWATT 30KW 3PH GRID-TIE INVERTER,3," 298,000 ",DAYLIFF,GROWATT
SV3/15T,DAYLIFF SV3 15KW 3PH SUNVERTER,21," 298,000 ",DAYLIFF,SUNVERTER
DSKIT-X1100C,DAYLIFF SUNFLO MEGA PAYGO PUMPING SYSTEM ,3," 290,400 ",DAYLIFF,SOLAR PUMP
ESD200,ULTRASUN UFX200D FLATPLATE SOLAR HOT WATER SYSTEM,6," 282,000 ",BURAL,SHW
SUN2000-015KTL-M2,HUAWEI SUN2000 15KTL-M5 15KW 3PH SOLAR INVERTER,3," 280,000 ",HUAWEI,INVERTER
DSD300,ULTRASUN UFS300D FLATPLATE SOLAR HOT WATER SYSTEM,70," 272,000 ",SUNRAIN,SHW
LC400D,LORENTZ PS4000 4KVA CONTROLLER,0," 265,000 ",LORENTZ,DC CONTROL
SV3/11T,DAYLIFF SV3 11KW 3PH SUNVERTER,20," 265,000 ",DAYLIFF,SUNVERTER
POWER-MATE-B1,HUAWEI POWER-M 5KWH STORAGE MODULE,163," 260,000 ",HUAWEI,BATTERY
DSH200,ULTRASUN UVR200 VACROD SOLAR HOT WATER SYSTEM,19," 255,000 ",SUNRAIN,SHW
SUNTOWER 4.4M,DAYLIFF GALV. SUNTOWER 4.4M C/W 3000L PLASTIC TANK,0," 251,000 ",FAB,SUPPORT ST
HPW120,DAYLIFF HPW120 2.5kW 1PH ALL-IN-ONE HEAT PUMP,9," 250,000 ",SUNRAIN,HEATING
ESI300A,ULTRASUN UFX300I HOT WATER TANK,0," 250,000 ",BURAL,SHW
UFS300I,ULTRASUN UFS300I INDIRECT SOLAR HOT WATER SYSTEM,16," 250,000 ",SUNRAIN,SHW
DSDKIT-5/18,DAYLIFF DSD 5/18 SOLAR PUMPING SYSTEM,0," 245,000 ",DAYLIFF,DSD
DSDKIT-8/12,DAYLIFF DSD 8/12 SOLAR PUMPING SYSTEM,1," 245,000 ",DAYLIFF,DSD
DSDKIT-3/18,DAYLIFF DSD 3/18 SOLAR PUMPING SYSTEM,0," 243,000 ",DAYLIFF,DSD
20KTL3-X,DAYLIFF GROWATT 20KW 3PH GRID-TIE INVERTER,3," 242,000 ",DAYLIFF,GROWATT
SPS-3E,DAYLIFF 60W SOLAR STREET LIGHT C/W 6M POLE,0," 240,000 ",DAYLIFF,SOLAR FAB
SUNTOWER 2.4M/6,DAYLIFF GALV. SUNTOWER 2.4M W/O 6000L PLASTIC TANK,0," 240,000 ",FAB,SUPPORT ST
DSDKIT-3/13,DAYLIFF DSD 3/13 SOLAR PUMPING SYSTEM,0," 234,000 ",DAYLIFF,DSD
DSDKIT-5/10,DAYLIFF DSD 5/10 SOLAR PUMPING SYSTEM,0," 234,000 ",DAYLIFF,DSD
SUNFLO-B2200CEF,DAYLIFF SUNFLO-B 2200C20 SOLAR PUMP,11," 234,000 ",DAYLIFF,SOLAR PUMP
ESI150,ULTRASUN UFX160I FLATPLATE SOLAR HOT WATER SYSTEM,16," 233,000 ",BURAL,SHW
LP180C5,LORENTZ PU1800C-SJ5-12 SOLAR PUMP,0," 232,000 ",LORENTZ,DC PUMP
SUN2000-010KTL-M1,HUAWEI SUN2000 10KTL-M1 10KW 3PH SOLAR INVERTER,20," 227,000 ",HUAWEI,INVERTER
LP180C8,LORENTZ PU1800C-SJ8-7 SOLAR PUMP,0," 226,000 ",LORENTZ,DC PUMP
SBSH-3000/2,HOPPECKE 3200Ah 2V SEALED SOLAR BATTERY,0," 225,000 ",HOPPECKE,BATTERY
SV3/075T,DAYLIFF SV3 7.5KW 3PH SUNVERTER,32," 220,000 ",DAYLIFF,SUNVERTER
DSKIT-X0600C,DAYLIFF SUNFLO SMART PAYGO PUMPING SYSTEM ,2," 219,800 ",DAYLIFF,SOLAR PUMP
DSH150,ULTRASUN UVR150 VACROD SOLAR HOT WATER SYSTEM,3," 218,000 ",SUNRAIN,SHW
DSKIT-B500C4,DAYLIFF SUNFLO-B 500C4 SOLAR PUMPING SYSTEM,0," 218,000 ",DAYLIFF,SOLAR PUMP
SUNTOWER 4.4M/3,DAYLIFF GALV. SUNTOWER 4.4M W/O 3000L PLASTIC TANK,0," 215,000 ",FAB,SUPPORT ST
DSKIT09,DAYLIFF SUNFLO-B 500C1 SOLAR PUMPING SYSTEM,2," 214,000 ",DAYLIFF,SOLAR PUMP
15KTL3-X,DAYLIFF GROWATT 15KW 3PH GRID-TIE INVERTER,4," 212,000 ",DAYLIFF,GROWATT
SUNTOWER 3.4M,DAYLIFF GALV. SUNTOWER 3.4M C/W 3000L PLASTIC TANK,0," 211,000 ",FAB,SUPPORT ST
POWER-MATEA1,HUAWEI POWER-M 5KW POWER MODULE (MAP05A1),72," 210,000 ",HUAWEI,INVERTER
DSD200,ULTRASUN UFS200D FLATPLATE SOLAR HOT WATER SYSTEM,30," 208,000 ",SUNRAIN,SHW
ESD150,ULTRASUN UFX160D FLATPLATE SOLAR HOT WATER SYSTEM,8," 204,000 ",BURAL,SHW
10KTL3-X,DAYLIFF GROWATT 10KW 3PH GRID TIE INVERTER,6," 202,000 ",DAYLIFF,GROWATT
DSKIT-X0500H,DAYLIFF SUNFLO PAWA PAYGO PUMPING SYSTEM ,2," 201,720 ",DAYLIFF,SOLAR PUMP
SP-5000,DAYLIFF OPTIVERTER DO6000 MULTIFUNCTION INVERTER,27," 200,000 ",OPTI,INVERTER
UFS200I,ULTRASUN UFS200I INDIRECT SOLAR HOT WATER SYSTEM,24," 200,000 ",SUNRAIN,SHW
CPLI-4875AH,DAYLIFF 75AH LiFePO4 LITHIUM ION BATTERY C/W BMS,25," 195,000 ",CHAMPION,BATTERY
SEM 100-300K,SMART ENERGY METER 100-300kW,4," 186,000 ",DAYLIFF,GROWATT
SUNFLEX1100C3,DAYLIFF SUNFLEX 1100C3 SOLAR PUMP C/W CONTROL UNIT,16," 185,000 ",DAYLIFF,SOLAR PUMP
SUNFLEX1100C8,DAYLIFF SUNFLEX 1100C8 SOLAR PUMP C/W CONTROL UNIT,11," 185,000 ",DAYLIFF,SOLAR PUMP
SUNFLEX1500C5,DAYLIFF SUNFLEX 1500C5 SOLAR PUMP C/W CONTROL UNIT,1," 185,000 ",DAYLIFF,SOLAR PUMP
SUNFLEX2200C9,DAYLIFF SUNFLEX 2200C9 SOLAR PUMP C/W CONTROL UNIT,3," 185,000 ",DAYLIFF,SOLAR PUMP
SUNTOWER 2.4M,DAYLIFF GALV. SUNTOWER 2.4M C/W 3000L PLASTIC TANK,0," 185,000 ",FAB,SUPPORT ST
DSD150,ULTRASUN UFS150D FLATPLATE SOLAR HOT WATER SYSTEM,23," 180,000 ",SUNRAIN,SHW
DSH300/2,UVR300 SOLAR HOT WATER TANK,0," 180,000 ",SUNRAIN,SHW
SV3/055T,DAYLIFF SV3 5.5KW 3PH SUNVERTER,74," 180,000 ",DAYLIFF,SUNVERTER
VSS-250/85,VICTRON 250/85 SMARTSOLAR MPPT CHARGE CONTROLLER,1," 176,000 ",VICTRON,ACCESSORY
SUNTOWER 3.4M/3,DAYLIFF GALV. SUNTOWER 3.4M W/O 3000L PLASTIC TANK,0," 175,000 ",FAB,SUPPORT ST
SUNFLEX750C2,DAYLIFF SUNFLEX 750C2 SOLAR PUMP C/W CONTROL UNIT,38," 173,000 ",DAYLIFF,SOLAR PUMP
UFS150I,ULTRASUN UFS150I INDIRECT SOLAR HOT WATER SYSTEM,31," 170,000 ",SUNRAIN,SHW
DSKIT07,DAYLIFF SUNFLO-A 600H SOLAR PUMPING SYSTEM,11," 167,000 ",DAYLIFF,SOLAR PUMP
DSKIT-X0200H,DAYLIFF SUNFLO ECO PAYGO PUMPING SYSTEM ,5," 165,920 ",DAYLIFF,SOLAR PUMP
SUNFRIDGE233,DAYLIFF 233LITRES SUNFRIDGE,46," 164,000 ",DAYLIFF,SUNFRIDGE
SG1050,DAYLIFF 5000TL-X 5KW 1PH SUNGRID INVERTER,2," 163,000 ",ZMISC.,SUNGRID
SPS-3D,DAYLIFF 40W SOLAR STREET LIGHT C/W 6M POLE,0," 162,000 ",DAYLIFF,SOLAR FAB
DSD300/1,ULTRASUN UFS300D SOLAR HOT WATER TANK,14," 160,000 ",SUNRAIN,ACCESSORY
UFX300I,ULTRASUN UFX300I FLATPLATE SOLAR HOT WATER SYSTEM,0," 160,000 ",ERASLAN,SHW
SUN2000-005KTL-M1,HUAWEI SUN2000 5KTL-M1 5.5KW 3PH SOLAR INVERTER,8," 157,000 ",HUAWEI,INVERTER
UFX300D,ULTRASUN UFX300D FLATPLATE SOLAR HOT WATER SYSTEM,0," 156,000 ",ERASLAN,SHW
SEM 0-100K,SMART ENERGY METER 0-100kW,7," 155,000 ",DAYLIFF,GROWATT
DO4000,DAYLIFF OPTIVERTER DO4000 MULTIFUNCTION INVERTER,7," 153,000 ",OPTI,INVERTER
SUNFLO-B1000CEF,DAYLIFF SUNFLO-B 1000C8 SOLAR PUMP,28," 151,000 ",DAYLIFF,SOLAR PUMP
SV2/055T,DAYLIFF SV2 5.5KW 3PH SUNVERTER,0," 151,000 ",DAYLIFF,SUNVERTER
LUNA-POWER,HUAWEI LUNA POWER MODULE CONTROLLER,9," 150,000 ",HUAWEI,ACCESSORY
SBSH-2000/2,HOPPECKE 2000Ah 2V SEALED SOLAR BATTERY,0," 150,000 ",HOPPECKE,BATTERY
SP-3000,DAYLIFF OPTIVERTER DO3000 MULTIFUNCTION INVERTER,21," 150,000 ",OPTI,INVERTER
FSS-1D,GROUND STEEL SUPPORT STRUCTURE,0," 150,000 ",DAYLIFF,SOLAR FAB
DSD200/1,ULTRASUN UFS200D SOLAR HOT WATER TANK,3," 149,000 ",SUNRAIN,ACCESSORY
TANKTOWER,DAYLIFF GALV. SUNTOWER 2.4M 3000L,0," 146,000 ",FAB,SUPPORT ST
SMA-SI/9,SMA DATA MANAGER M POWERED BY ENNEXOS,0," 145,000 ",SMA,ACCESSORY
LC180D,LORENTZ PS1800 1.8kVA CONTROLLER,0," 145,000 ",LORENTZ,DC CONTROL
SPM3-1500C3,SUNFLO-X 1500C3 PAYGO PUMP KIT- ASSEMBLY ONLY,5," 144,000 ",DAYLIFF,SOLAR PUMP
SPM3-1500C8,SUNFLO-X 1500C8 PAYGO PUMP KIT-ASSEMBLY ONLY,15," 144,000 ",DAYLIFF,SOLAR PUMP
DEMO-DSKITS150,DEMO SUNFLO-S 150 SOLAR PUMPING SYSTEM,6," 142,000 ",DAYLIFF,DEMO
GD5000ES,DAYLIFF GROWATT 5000VA MULTIFUNCTION INVERTER C/W PARALLEL,51," 142,000 ",DAYLIFF,GROWATT
SUN2000-010KTL-LC0,HUAWEI SUN2000 10KTL-LC0 10KW 1PH SOLAR INVERTER,3," 140,000 ",HUAWEI,INVERTER
SUNTOWER 2.4M/3,DAYLIFF GALV. SUNTOWER 2.4M W/O 3000L PLASTIC TANK,0," 140,000 ",FAB,SUPPORT ST
SUNBARROW1000,DAYLIFF 1000W SUNBARROW,0," 139,000 ",DAYLIFF,SUNBARROW
SUN2000-005KTL-L1,HUAWEI SUN2000-5KTL-L1 5KW 1PH SOLAR INVERTER,8," 138,000 ",HUAWEI,INVERTER
SV3/037M,DAYLIFF SV3 3.7KW 1PH SUNVERTER,0," 138,000 ",DAYLIFF,SUNVERTER
SV4/030M,DAYLIFF SV4 3KW 1PH SUNVERTER,9," 138,000 ",DAYLIFF,SUNVERTER
LM012C,LORENTZ EC1800-C 1.7kVA MOTOR,0," 134,000 ",LORENTZ,DCMOTOR
ESD200/2,ULTRASUN UFX160I HOT WATER TANK,0," 133,000 ",BURAL,SHW
SV2/11T,DAYLIFF SV2 11KW 3PH SUNVERTER,0," 133,000 ",DAYLIFF,SUNVERTER
SPX800-5,SOLARPLEX SPX 800-5 0.8kW DC PUMP,29," 130,000 ",DAYLIFF,SOLAR PUMP
SV3/022M,DAYLIFF SV3 2.2KW 1PH SUNVERTER,0," 130,000 ",DAYLIFF,SUNVERTER
SV4/022M,DAYLIFF SV4 2.2KW 1PH SUNVERTER,26," 130,000 ",DAYLIFF,SUNVERTER
SV3/037T,DAYLIFF SV3 3.7KW 3PH SUNVERTER,86," 129,000 ",DAYLIFF,SUNVERTER
DSKIT08,DAYLIFF SUNFLO-B 120H1 SOLAR PUMPING SYSTEM,2," 125,000 ",DAYLIFF,SOLAR PUMP
SUNFLO-X1500C3,DAYLIFF SUNFLO-X 1500C3 1.5kW PUMP C/W CONTROLLER,1," 124,000 ",DAYLIFF,SOLAR PUMP
SUNFLO-X1500C8,DAYLIFF SUNFLO-X 1500C8 1.5kW PUMP C/W CONTROLLER,2," 124,000 ",DAYLIFF,SOLAR PUMP
SV3/015M,DAYLIFF SV3 1.5KW 1PH SUNVERTER,0," 123,000 ",DAYLIFF,SUNVERTER
SV4/015M,DAYLIFF SV4 1.5KW 1PH SUNVERTER,12," 123,000 ",DAYLIFF,SUNVERTER
PSW5500,VISPRA 5000VA 48VDC INVERTER,1," 122,000 ",VISPRA,BACKUP
UFS200I/1,ULTRASUN UFS200I SOLAR HOT WATER TANK,0," 120,000 ",SUNRAIN,ACCESSORY
SPM3-500,SUNFLO-X 500H1.6 PAYGO PUMP KIT-ASSEMBLY ONLY,15," 120,000 ",DAYLIFF,SOLAR PUMP
SUNFRIDGE128,DAYLIFF 128LITRES SUNFRIDGE,43," 120,000 ",DAYLIFF,SUNFRIDGE
IMPACT-SAMPLE01,IMPACT SOLARPLEX SPX-800,1," 119,000 ",ZMISC.,SAMPLE
DSKIT06,DAYLIFF SUNFLO-A 270H SOLAR PUMPING SYSTEM,14," 118,000 ",DAYLIFF,SOLAR PUMP
SUNFLEX-01A,SUNFLEX MOTOR 0.75KW,1," 118,000 ",DAYLIFF,SOLAR PUMP
SUNFLEX-01B,SUNFLEX MOTOR 1.1KW 1100C3,0," 118,000 ",DAYLIFF,SOLAR PUMP
SUNFLEX-01C,SUNFLEX MOTOR 1.5KW,1," 118,000 ",DAYLIFF,SOLAR PUMP
SUNFLEX-01D,SUNFLEX MOTOR 2.2KW,1," 118,000 ",DAYLIFF,SOLAR PUMP
DHFS300,DAYLIFF DHFS300 1.5KW IRRIGATION DC PUMP C/W CONTROLLER,12," 116,000 ",DAYLIFF,SOLAR PUMP
SPM3-1100,SUNFLO-X 1100C3 PAYGO PUMP KIT- ASSEMBLY ONLY,27," 116,000 ",DAYLIFF,SOLAR PUMP
CIU903,GRUNDFOS CIU 903 SQFLEX,0," 116,000 ",GRUNDFOS,SOLAR SP
SMA-SI/6,SUNNY HOME MANAGER,0," 115,000 ",SMA,ACCESSORY
GD5000TL,DAYLIFF GROWATT 5000VA MULTIFUNCTION INVERTER W/O PARALLEL,6," 115,000 ",DAYLIFF,GROWATT
DSKIT-S300,DAYLIFF SUNFLO-S 300 SOLAR PUMPING SYSTEM,14," 114,000 ",DAYLIFF,SOLAR PUMP
SUNFLO-X1100C3,DAYLIFF SUNFLO-X 1100C3 1.1kW PUMP C/W CONTROLLER,0," 112,000 ",DAYLIFF,SOLAR PUMP
05000TL-XE,DAYLIFF GROWATT 5KW 1PH GRID-TIE INVERTER,6," 110,000 ",DAYLIFF,GROWATT
DUV-5248P,DAYLIFF ULTRAVERTER 5.2KW 48V PRO MULTIFUNCTION INVERTER C/W  PARALLEL FUNCTION,226," 110,000 ",DAYLIFF,INVERTER
SUN2000-003KTL-L1,HUAWEI SUN2000 3KTL-L1 3.3KW 1PH SOLAR INVERTER,20," 109,000 ",HUAWEI,INVERTER
UFX200D,ULTRASUN UFX200D FLATPLATE SOLAR HOT WATER SYSTEM,0," 109,000 ",ERASLAN,SHW
SPM3-600,SUNFLO-X 600C2 PAYGO PUMP KIT-ASSEMBLY ONLY,38," 108,000 ",DAYLIFF,SOLAR PUMP
OPI-SPE030,OPTI SP EFECTO 3000 24VDC HYBRID INVERTER,1," 106,000 ",OPTI,INVERTER
SUNFLO-X0600C2,DAYLIFF SUNFLO-X 600C2 0.6kW PUMP C/W CONTROLLER,0," 106,000 ",DAYLIFF,SOLAR PUMP
SPS-3H,DAYLIFF 40W INTEGRATED STREET LIGHT C/W 6M POLE,0," 105,000 ",DAYLIFF,SOLAR FAB
SV2/075T,DAYLIFF SV2 7.5KW 3PH SUNVERTER,1," 105,000 ",DAYLIFF,SUNVERTER
SUNBARROW0600,DAYLIFF 600W SUNBARROW,0," 102,000 ",DAYLIFF,SUNBARROW
DSKIT-B0500,DAYLIFF SUNFLO-B 500C DUMMY,76," 101,000 ",ZMISC.,SOLAR
SBSH-0180/12,HOPPECKE 180Ah 12V SEALED SOLAR BATTERY,0," 100,000 ",HOPPECKE,BATTERY
DO2500,DAYLIFF OPTIVERTER DO2500 MULTIFUNCTION INVERTER INVERTER,50," 99,000 ",OPTI,INVERTER
DVS200,ULTRASUN UVT200 VACTUBE SOLAR HOT WATER SYSTEM,17," 99,000 ",SUNRAIN,SHW
GD3000TL,DAYLIFF GROWATT 3KVA 48VDC MULTIFUNCTION INVERTER,4," 96,000 ",DAYLIFF,GROWATT
OPC-SC50A,OPTI SC-50A 12-24VDC MPPT CHARGE CONTROLLER,0," 95,000 ",OPTI,CHARGE CON
SVB/075T,DAYLIFF SVB2 7.5KW 3PH SUNVERTER,30," 95,000 ",DAYLIFF,SUNVERTER
SMARTGUARD,HUAWEI SMARTGUARD 63A-SO 1PH BACKUP BOX,9," 94,000 ",HUAWEI,INVERTER
SMART-LOGGER,HUAWEI SMART LOGGER 3000A WITH 4G,13," 88,000 ",HUAWEI,ACCESSORY
CU200,GRUNDFOS CU 200 CONTROL UNIT,1," 88,000 ",GRUNDFOS,SOLAR ACCE
SUNFLEX750C2/2,SUNFLEX 750C2 MOTOR,0," 88,000 ",DAYLIFF,SOLAR PUMP
IO101,GRUNDFOS IO 101 SWITCH BOX,0," 86,000 ",GRUNDFOS,SOLAR ACCE
SUNFLO-X0500H1.6,DAYLIFF SUNFLO-X 500H1.6 0.5kW PUMP C/W CONTROLLER,1," 86,000 ",DAYLIFF,SOLAR PUMP
BOX-B1,HUAWEI BACK UP BOX B1 3PH,0," 85,000 ",HUAWEI,ACCESSORY
4TSS/1,CONTROLLER SUNFLO-B 1000C/DPSOLAR 1000,1," 85,000 ",DAYLIFF,DC CONTROL
DSKIT05,DAYLIFF SUNFLO-A 150H SOLAR PUMPING SYSTEM,2," 85,000 ",DAYLIFF,SOLAR PUMP
SP1800C,DAYLIFF SUNFLO-X 1800C PUMP C/W CONTROLLER,2," 84,000 ",DAYLIFF,SOLAR PUMP
SUNFLO-X0200H1,DAYLIFF SUNFLO-X 200H1 0.2kW PUMP C/W CONTROLLER,3," 84,000 ",DAYLIFF,SOLAR PUMP
DO1200,DAYLIFF OPTIVERTER DO1200 MULTIFUNCTION INVERTER,55," 83,000 ",OPTI,INVERTER
GD2000TL,DAYLIFF GROWATT 2000VA MULTIFUNCTION INVERTER,0," 82,000 ",DAYLIFF,GROWATT
SPM3-200,SUNFLO-X 200H1 PAYGO PUMP KIT-ASSEMBLY ONLY,31," 82,000 ",DAYLIFF,SOLAR PUMP
SVB/055T,DAYLIFF SVB2 5.5KW 3PH SUNVERTER,8," 78,000 ",DAYLIFF,SUNVERTER
DSI300/1,ULTRASUN 300L INDIRECT SOLAR HOT TANK ONLY,1," 77,000 ",ZMISC.,DAYLIFF
FL-POLE/2,6MTR STREET LIGHT POLE C/W BRACKET AND BATTERY BOX,0," 77,000 ",DAYLIFF,SOLAR FAB
DSKIT-S300B,DAYLIFF SUNFLO-S 300 ALL-IN-TWO PACK SOLAR KIT,112," 77,000 ",DAYLIFF,SOLAR PUMP
SBSH-1000/2,HOPPECKE 1000Ah 2V SEALED SOLAR BATTERY,0," 75,000 ",HOPPECKE,BATTERY
SCC-40A,STECA TAROM 4545 45A LCD 24VDC CHARGE CONTROLLER,7," 75,000 ",STECA,CHARGE CON
GD3000TL/24VDC,DAYLIFF GROWATT 3KVA 24VDC MULTIFUNCTION INVERTER,231," 75,000 ",DAYLIFF,GROWATT
SVB/040M,DAYLIFF SVB2 3.7KW 1PH SUNVERTER,11," 75,000 ",DAYLIFF,SUNVERTER
BOX-B0,HUAWEI BACK UP BOX B0 1PH,12," 74,000 ",HUAWEI,ACCESSORY
SUNFRIDGE55,DAYLIFF 55LITRES SUNFRIDGE ,42," 73,000 ",DAYLIFF,SUNFRIDGE
PVPROTECH-DC,PV PROTECT 1000VDC 125A,0," 72,000 ",LORENTZ,ACCESSORY
SMA-SI/1,ENERGY METER 3PH,1," 71,000 ",SMA,ACCESSORY
SBS-1200/2,DAYLIFF 1200Ah 2V SEALED SOLAR BATTERY,48," 71,000 ",CHAMPION,BATTERY
C23,ULTRASUN PRE 2.3M SOLAR COLLECTOR,54," 71,000 ",BURAL,SHW
SPM3-1500C8/1,CONTROLLER SUNFLO-X 1500C8  PAYGO-ASSEMBLY ONLY,0," 71,000 ",DAYLIFF,SOLAR PUMP
OPC-SC50C,OPTI SC-3KW MPPT CHARGE CONTROLLER,11," 70,000 ",OPTI,CHARGE CON
DUV-3024,DAYLIFF ULTRAVERTER 3KW 24V MULTIFUNCTION INVERTER,202," 70,000 ",DAYLIFF,INVERTER
DSKIT-S150,DAYLIFF SUNFLO-S 150 SOLAR PUMPING SYSTEM,0," 68,000 ",DAYLIFF,SOLAR PUMP
SV2/022M,DAYLIFF SV2 2.2KW 1PH SUNVERTER,1," 68,000 ",DAYLIFF,SUNVERTER
FP30,ULTRASUN 3.0M2 FLAT PLATE SOLAR COLLECTOR,39," 66,000 ",SUNRAIN,SHW
SUNFLEX1500C5-03,CONTROLLER SUNFLEX 1500,16," 66,000 ",DAYLIFF,SOLAR PART
SUNFLEX2200C9-03,CONTROLLER SUNFLEX 2200,16," 66,000 ",DAYLIFF,SOLAR PART
SUNFLEX750C2-03,CONTROLLER SUNFLEX 750,17," 66,000 ",DAYLIFF,SOLAR PART
SP0600H,DAYLIFF SUNFLO-X 600H PUMP C/W CONTROLLER,0," 66,000 ",DAYLIFF,SOLAR PUMP
SV2/015M,DAYLIFF SV2 1.5KW 1PH SUNVERTER,0," 65,000 ",DAYLIFF,SUNVERTER
SV2/037T,DAYLIFF SV2 3.7KW 3PH SUNVERTER,0," 64,000 ",DAYLIFF,SUNVERTER
SV2/037M,DAYLIFF SV2 3.7KW 1PH SUNVERTER,0," 62,000 ",DAYLIFF,SUNVERTER
IZI-2000,IZZY 2000W 12VDC INVERTER,0," 61,000 ",IZZY,INVERTER
SVB/040T,DAYLIFF SVB2 3.7KW 3PH SUNVERTER,44," 60,000 ",DAYLIFF,SUNVERTER
SUNFLEX1100C8-1,CONTROLLER SUNFLEX 1100C3,36," 59,400 ",DAYLIFF,SOLAR PART
FP24,ULTRASUN 2.4M2 FLAT PLATE SOLAR COLLECTOR,137," 59,000 ",SUNRAIN,SHW
DUV-2024,DAYLIFF ULTRAVERTER 2KW 24V MULTIFUNCTION INVERTER,216," 58,000 ",DAYLIFF,INVERTER
DHFS300 W/O,DHFS300 1.5KW IRRIGATION DC PUMP W/O CONTROLLER-ASSEMBLY ONLY,1," 58,000 ",DAYLIFF,SOLAR PUMP
WG-4/4,BLADE SET 200,0," 58,000 ",DAYLIFF,WIND PART
SUNFLEX750C2/1,SUNFLEX 750C2 SOLAR PUMP END,2," 55,600 ",DAYLIFF,SOLAR PUMP
SVB/022M,DAYLIFF SVB 2.2KW 1PH SUNVERTER,43," 55,000 ",DAYLIFF,SUNVERTER
SUNFLO-X0600C2/1,DAYLIFF SUNFLO-X 600C2 PAYGO 0.6kW CONTROLLER,0," 54,000 ",DAYLIFF,SOLAR PUMP
IZI-1500,IZZY 1500W 12VDC INVERTER,4," 53,000 ",IZZY,INVERTER
FP20,ULTRASUN 2.0M2 FLAT PLATE SOLAR COLLECTOR,34," 51,000 ",SUNRAIN,SHW
NDIB-80,DAYLIFF 80W 3.2V INTEGRATED SOLAR STREET LIGHT,4," 50,000 ",DAYLIFF,LIGHTING
SVB/015M,DAYLIFF SVB 1.5KW 1PH SUNVERTER,58," 50,000 ",DAYLIFF,SUNVERTER
SBS-0200/12,DAYLIFF 200Ah 12V SEALED SOLAR BATTERY,1047," 49,500 ",CHAMPION,BATTERY
SBS-0800/2,DAYLIFF 800Ah 2V SEALED SOLAR BATTERY,0," 49,500 ",CHAMPION,BATTERY
SWD160L/3,160L PIPE FITTINGS,0," 48,000 ",FAB,SUPPORT ST
BMV-712,BATTERY MONITOR BMV-712 SMART,0," 46,500 ",VICTRON,ACCESSORY
PSW3000,VISPRA 3000VA 48VDC INVERTER,0," 46,000 ",VISPRA,BACKUP
DSKIT-A150,DAYLIFF SUNFLO-A 150H DUMMY,77," 45,900 ",ZMISC.,SOLAR
D3SOLAR600H,DAYLIFF SUNFLO-A 600H SOLAR PUMP,1," 44,700 ",DAYLIFF,SOLAR PUMP
SUNFLO-B500CEF,DAYLIFF SUNFLO-B 500C4 SOLAR PUMP ,40," 44,000 ",DAYLIFF,SOLAR PUMP
DUV-1012,DAYLIFF ULTRAVERTER 1KW 12V MULTIFUNCTION INVERTER,203," 43,000 ",DAYLIFF,INVERTER
DHFS300-01,CONTROLLER DHFS300,0," 42,100 ",DAYLIFF,SOLAR PUMP
D4SOLAR1000C,DAYLIFF SUNFLO-B 1000C2 SOLAR PUMP,31," 42,000 ",DAYLIFF,SOLAR PUMP
D3SOLAR150H,DAYLIFF SUNFLO-A 150H SOLAR PUMP,24," 41,600 ",DAYLIFF,SOLAR PUMP
D3SOLAR270H,DAYLIFF SUNFLO-A 270H SOLAR PUMP,45," 41,600 ",DAYLIFF,SOLAR PUMP
FP17,ULTRASUN 1.7M2 FLAT PLATE SOLAR COLLECTOR,11," 40,500 ",SUNRAIN,SHW
C24,ULTRASUN PRE 2.4M SOLAR COLLECTOR,0," 39,000 ",ERASLAN,SHW
SUNSWITCH,SUN SWITCH LIGHT SENSOR,7," 38,800 ",LORENTZ,ACCESSORY
D3SOLAR120H,DAYLIFF SUNFLO-B 120H1 SOLAR PUMP,20," 38,000 ",DAYLIFF,SOLAR PUMP
D4SOLAR1300C,DAYLIFF SUNFLO-B2 1300C3 SOLAR PUMP,17," 38,000 ",DAYLIFF,SOLAR PUMP
SBS-0150/12,DAYLIFF 150Ah 12V SEALED SOLAR BATTERY,145," 37,900 ",CHAMPION,BATTERY
SWD320/3,320L PIPE  FITTINGS,0," 37,600 ",DAYLIFF,SUB ASSEMBLY
SUNFLO B 500C3-02,CONTROLLER SUNFLO-B 500C3,7," 37,400 ",DAYLIFF,SOLAR PART
4TSC2/1,CONTROLLER SUNFLO B 500C/DPSOLAR 600,2," 36,400 ",DAYLIFF,DC CONTROL
SUNFLO-B500/1,SUNFLO-B500C CONTROLLER ,1," 36,000 ",ZMISC.,SOLAR
MB-5000ES,GROWATT SPF 5000ES MAIN BOARD,0," 35,000 ",DAYLIFF,GROWATT
NDIB-60,DAYLIFF 60W 3.2V INTEGRATED SOLAR STREET LIGHT,12," 35,000 ",DAYLIFF,LIGHTING
D4SOLAR0800C,DAYLIFF SUNFLO-B2 800C3 SOLAR PUMP,36," 35,000 ",DAYLIFF,SOLAR PUMP
D3SOLAR500C,DAYLIFF SUNFLO-B 500C1 SOLAR PUMP,13," 34,000 ",DAYLIFF,SOLAR PUMP
BB-200AH,GRP 2NO. 200AH BATTERY BOX,0," 33,300 ",FG,SOLAR HOT
PSW2000,VISPRA 2000VA 24VDC INVERTER,0," 33,000 ",VISPRA,BACKUP
D4SOLAR0400C,DAYLIFF SUNFLO-B2 400C3 SOLAR PUMP,36," 33,000 ",DAYLIFF,SOLAR PUMP
SCC-30,STECA PR30A LCD CHARGE CONTROLLER,2," 32,900 ",STECA,CHARGE CON
SWD220/2,220S PIPE  FITTINGS,0," 32,100 ",DAYLIFF,SUB ASSEMBLY
NDIB-40,DAYLIFF 40W 3.2V INTEGRATED SOLAR STREET LIGHT,44," 32,000 ",DAYLIFF,LIGHTING
FL-POLE,6M INTEGRATED STREETLIGHT POLE,0," 31,400 ",DAYLIFF,SOLAR FAB
TPM-E,POWER EXPORT LIMITING METER 3PH,10," 31,100 ",DAYLIFF,ACCESSORY
IZI-1000,IZZY 1000W 12VDC INVERTER,27," 30,600 ",IZZY,INVERTER
220G,220L GALVANIZED 500*1200 TANK,1," 30,600 ",COMPONENT,WATER HEAT
YSM-535,DAYLIFF 545W MONOCRYSTALLINE SOLAR MODULE,1049," 30,520 ",AMERISOLAR,PV MODULE
YSM-535Y,DAYLIFF YINGLI 545W MONOCRYSTALLINE SOLAR MODULE,23," 30,520 ",YINGLI,PV MODULE
NDIB-30,DAYLIFF 30W 3.2V INTEGRATED SOLAR STREET LIGHT,33," 30,000 ",DAYLIFF,LIGHTING
SOLART-SAMPLE04,SOLAR PUMPING INVERTER SVB/5.5T,1," 30,000 ",ZMISC.,SAMPLE
SWD320/2,320S PIPE  FITTINGS,0," 29,600 ",DAYLIFF,SUB ASSEMBLY
DSV200/1,INSTALLATION ACCESSORIES 200L VACUUM TUBE,0," 28,600 ",DAYLIFF,SHW
SPM-E,POWER EXPORT LIMITING METER 1PH,6," 28,000 ",DAYLIFF,ACCESSORY
DDWS220,DAYLIFF DDWS220 0.22kW 24V DC SUBMERSIBLE PUMP,3," 28,000 ",DAYLIFF,SOLAR PUMP
SUNFLO300,DAYLIFF SUNFLO-S 300 S/S SOLAR PUMP,197," 27,300 ",DAYLIFF,SOLAR PUMP
OPC-SC50B,OPTI SC-40A PWM 12/24VDC LCD CHARGE CONTROLLER,2," 27,200 ",OPTI,CHARGE CON
ESDMINI,DUMMY MINI SOLAR SYSTEM/DISPLAY,16," 25,700 ",ZMISC.,EZINC
SBS-0100/12,DAYLIFF 100Ah 12V SEALED SOLAR BATTERY,213," 25,600 ",CHAMPION,BATTERY
SBS-0400/2,DAYLIFF 400Ah 2V SEALED SOLAR BATTERY,12," 25,600 ",CHAMPION,BATTERY
SP POLE,"DAYLIFF 20W 6M STREETLIGHT POLE C/W 2"" GI PIPE",0," 25,000 ",DAYLIFF,SOLAR FAB
DPP-125,DAYLIFF PV PROTECT 1000VDC 125A,60," 24,700 ",DAYLIFF,CONTROL
PVCOMBI-4,DAYLIFF 4ST 1000V/125A PV COMBINER BOX,19," 24,300 ",DAYLIFF,CONTROL
SWD220/4,220L GALVANIZED FRAME,1," 24,300 ",DAYLIFF,SUB ASSEMBLY
SC1,ECO-SOLAR SR81 AC CONTROLLER,9," 24,000 ",SUNRAIN,ACCESSORY
SC-2,ECO-SOLAR SR81 DC CONTROLLER,6," 24,000 ",SUNRAIN,ACCESSORY
NDI-20,DAYLIFF 20W INTEGRATED MINI SOLAR STREET LIGHT,78," 23,700 ",DAYLIFF,LIGHTING
SF200CU,DAYLIFF SUNFLEX CONTROLLER,5," 23,300 ",DAYLIFF,SO CONTROL
SUNFLEX750C,DAYLIFF SUNFLEX 750C2 DUMMY,19," 22,000 ",ZMISC.,DAYLIFF
SCC-30B,STECA PRS30A CHARGE CONTROLLER,7," 20,700 ",STECA,CHARGE CON
PVDISC-5,DAYLIFF PVDISC1000/40A 4ST PV DISCONNECT SWITCH,274," 20,400 ",DAYLIFF,CONTROL
TR-550M,TRINA 550W 49.8V VOC MONOCRYSTALLINE SOLAR MODULE,302," 20,000 ",TRINA,PV MODULE
SPM3-S001,DM-CR-Q QUECTEL MODULE WITH SUPPORT BOARD,9," 20,000 ",DAYLIFF,SOLAR PART
SPM3-S002,DM-CR-PM OLD MODULE WITH SUPPORT BOARD,9," 20,000 ",DAYLIFF,SOLAR PART
IZI-0600,IZZY 600W 12VDC INVERTER,53," 19,000 ",IZZY,INVERTER
FL-POLE/1,FOUNDATION ASSEMBLY FOR STUCTURE POLES,0," 18,800 ",DAYLIFF,SOLAR FAB
SWD320/5,320S GALVANIZED FRAME,0," 18,800 ",DAYLIFF,SUB ASSEMBLY
TR-665M,TRINA 665W 45.9V VOC  MONOCRYSTALLINE SOLAR MODULE,1076," 18,700 ",TRINA,PV MODULE
TR-660M,TRINA 660W 45.7V VOC MONOCRYSTALLINE SOLAR MODULE,251," 18,600 ",TRINA,PV MODULE
PSW1000,VISPRA 1000VA 12VDC INVERTER,5," 17,500 ",VISPRA,BACKUP
PVDISC-2,DAYLIFF PVDISC1000/16A 2ST PV DISCONNECT SWITCH,223," 16,700 ",DAYLIFF,CONTROL
DDPS60,DAYLIFF DDPS60 0.37kW 24VDC SOLAR PUMP,51," 16,200 ",DAYLIFF,SOLAR PUMP
SCC-20,STECA PRS20A CHARGE CONTROLLER,41," 16,000 ",STECA,CHARGE CON
ASM-340,DAYLIFF 340W POLYCRYSTALLINE SOLAR MODULE ,1," 15,980 ",DAYLIFF,PV MODULE
TDC,SOLAR THERMAL SR609 AC CONTROLLER,70," 15,700 ",SUNRAIN,ACCESSORY
ASM-400,DAYLIFF 410W MONOCRYSTALLINE SOLAR MODULE,18," 15,580 ",AMERISOLAR,PV MODULE
DDPS50,DAYLIFF DDPS50 0.22kW 12VDC SOLAR PUMP,36," 15,100 ",DAYLIFF,SOLAR PUMP
SPS-3K,"DAYLIFF 6M STREETLIGHT POLE C/W 2"" GI PIPE",0," 15,000 ",DAYLIFF,SOLAR FAB
TSM-200N,DAYLIFF 200W 24VDC CRYSTALLINE SOLAR MODULE 1327*990,6," 14,200 ",TOPRAY,PV MODULE
IO050,GRUNDFOS IO 50 SWITCH BOX,0," 14,200 ",GRUNDFOS,SOLAR ACCE
OPC-SC20,OPTI SC-SM 20A 12VDC CHARGE CONTROLLER,26," 14,000 ",OPTI,CHARGE CON
SC-208C,SOLAR CWS AC CONTROLLER SR208C,0," 13,900 ",SUNRAIN,ACCESSORY
PVDISC-1/63A,DAYLIFF PVDISC1000/63A 1ST PV DISCONNECT SWITCH,2," 13,300 ",DAYLIFF,CONTROL
SWD220/5,220S GALVANIZED FRAME,0," 13,200 ",DAYLIFF,SUB ASSEMBLY
SMART-POWER,HUAWEI SMART POWER SENSOR 250A 3PH,4," 12,300 ",HUAWEI,ACCESSORY
DSH300-01,PIPE CONNECTORS UVR300,6," 12,000 ",ZMISC.,SUNRAIN
DVS200/1,PRESSURE FEEDING TANK UVT200 8L,22," 11,800 ",SUNRAIN,COMPONENT
PVDISC-1/16A,DAYLIFF PVDISC1000/16A 1ST PV DISCONNECT SWITCH,19," 11,600 ",DAYLIFF,CONTROL
IZI-0350,IZZY 350W 12VDC INVERTER,48," 11,600 ",IZZY,INVERTER
NDI-10,DAYLIFF 10W INTEGRATED MINI SOLAR STREET LIGHT,152," 11,600 ",DAYLIFF,LIGHTING
SMART-POWER/M,HUAWEI SMART POWER SENSOR 100A 1PH,0," 11,500 ",HUAWEI,ACCESSORY
SUN2000-1100W,HUAWEI 1100W SMART PV OPTIMIZER,0," 11,100 ",HUAWEI,ACCESSORY
ESI300/2,FLAT ROOF MOUNTING SET 2*ST230 COLLECTOR,15," 10,654 ",BURAL,SHW
PVDISC-1/25A,DAYLIFF PVDISC1000/25A 1ST PV DISCONNECT SWITCH,18," 10,200 ",DAYLIFF,CONTROL
LO-350M,LONGI 350W 40.4VOC MONOCRYSTALLINE SOLAR MODULE,170," 9,600 ",DAYLIFF,PV MODULE
ESI300/3,INSULATED HOSES ASSEMBLY UFX300I,0," 9,500 ",BURAL,SHW
YSM-300,DAYLIFF 335W CRYSTALLINE SOLAR MODULE,26," 9,380 ",AMERISOLAR,PV MODULE
SBS-035/12,DAYLIFF 35AH 12V SEALED SOLAR BATTERY,17," 9,000 ",DAYLIFF,BATTERY
WG-4/6,NOSE CONE 100/200,0," 8,800 ",DAYLIFF,WIND PART
SMART-DONGLE,HUAWEI SMART DONGLE WLAN-FE,17," 8,700 ",HUAWEI,ACCESSORY
SUN2000-450W,HUAWEI SUN 2000-450W SMART PV OPTIMIZER ,156," 8,200 ",HUAWEI,ACCESSORY
OPC-SC10,OPTI SC-SM 10A 12VDC CHARGE CONTROLLER,12," 8,000 ",OPTI,CHARGE CON
DSD150/11,UFS150/200 INSULATED HOSES ACCESSORIES,9," 8,000 ",ZMISC.,SUNRAIN
YSM-280,DAYLIFF 280W POLYCRYSTALLINE SOLAR MODULE,503," 7,840 ",AMERISOLAR,PV MODULE
TSM-200,DAYLIFF 200W 24VDC CRYSTALLINE SOLAR MODULE,847," 7,800 ",TOPRAY,PV MODULE
IPOWER-CUBE,HUAWEI IPOWERCUBE-M BASE,75," 7,200 ",HUAWEI,ACCESSORY
TSM-150,DAYLIFF 160W 24VDC CRYSTALLINE SOLAR MODULE,23," 7,200 ",TOPRAY,PV MODULE
TSM-150N,DAYLIFF 150W 24VDC CRYSTALLINE SOLAR MODULE,202," 7,200 ",TOPRAY,PV MODULE
DSD300/3,UFS300D SOLAR WATER HEATER INSULATED HOSES ,59," 7,120 ",ZMISC.,SUNRAIN
DUV-WIFI,DAYLIFF ULTRAVERTER WIFI KIT,37," 6,400 ",DAYLIFF,ACCESSORY
AG150/1,HEATER 3KW BURAL,15," 5,800 ",BURAL,ACCESSORY
YSM-120U,DAYLIFF 125W 12V CRYSTALLINE SOLAR MODULE,4," 5,625 ",TOPRAY,PV MODULE
AG150/5,HEATER C/W THERMOSTAT 3KW LOCAL,52," 5,100 ",DAYLIFF,ACCESSORY
FPS/1,HEATING ELEMENT 2.4KW C/W THERMOSTAT,33," 5,100 ",SUNRAIN,COMPONENT
CPLI-4875AH/1,BMS CARD CHAMPION LITHIUM ION BATTERIES,4," 5,000 ",CHAMPION,BATTERY
DSD300/4,FRAMES UFS300D,25," 5,000 ",ZMISC.,SUNRAIN
WIFI-X,SHINE WIFI-X JFY REMOTE MONITORING DEVICE,16," 4,700 ",DAYLIFF,ACCESSORY
TP-125M,DAYLIFF 125W 12V MONOCRYSTALLINE SOLAR MODULE,52," 4,375 ",DAYLIFF,PV MODULE
WLS,WATER LEVEL SWITCH,52," 4,100 ",DAYLIFF,DC CONTROL
HPW200-02,CONTROLLER HPW200/HPW300,7," 4,000 ",SUNRAIN,HEATING
AG150/2,THERMOSTAT PRE,13," 3,100 ",BURAL,ACCESSORY
D3SP1-14D,DAYLIFF D3SP1-14 DUMMY,78," 3,100 ",ZMISC.,DAYLIFF
TP-085M,DAYLIFF 85W 12V MONOCRYSTALLINE SOLAR MODULE,234," 3,060 ",DAYLIFF,PV MODULE
YSM-010/1,MC4 MULTIBRANCH PV CONNECTOR SET - PARALLEL,279," 3,000 ",TOPRAY,PV MODULE
DCC-010,DAYLIFF 10A CHARGE CONTROLLER,6," 3,000 ",DAYLIFF,SOLAR PART
DSD300/5,UFS300D TANK BRACKETS,11," 3,000 ",ZMISC.,SUNRAIN
SV3-01,FAN SV3,0," 2,500 ",DAYLIFF,SUNVERTER
DSH300/1,HEAT PIPE SPARE TUBE UVR,104," 2,400 ",ZMISC.,SOLAR
DSD150/7,NON RETURN VALVE,2," 1,000 ",SUNRAIN,ACCESSORY
DOSL-33,DAYLIFF SUNLITE L20Q SOLAR LANTERN C/W MOSQUITO PR,0," 1,000 ",DAYLIFF,LIGHTING
SUNFLO B500/2,DAYLIFF SUNFLO-B 500C1 SOLAR PUMP W/O CONTROLLER,1," 1,000 ",DAYLIFF,SOLAR PUMP
NSP-1K-02,TILE ROOF HOOK CERAMIC/ROMAN TILE S/S 3MM,79," 1,000 ",DAYLIFF,SUPPORT ST
DSI150/1,SOLAR HOT WATER HEATER FLUID 20L,343, 950 ,DAYLIFF,SHW
ECR-1B,10MM2X2 SOLAR PV CABLE,0, 910 ,CABLE,PV CABLE
HPW150-02,CONTROLLER HPW150,2, 800 ,SUNRAIN,HEATING
HPW150-01,PCB HPW150,16, 730 ,SUNRAIN,HEATING
HPW300-01,PCB HPW300,3, 730 ,SUNRAIN,HEATING
HPW300-02,CONTROLLER HPW300,0, 730 ,SUNRAIN,HEATING
DSD150/1,"STRAIGHT COUPLER ADAPTOR 22MM* 3/4""",13, 720 ,SUNRAIN,ACCESSORY
DSD150/5,COUPLING 22MM x 22MM,21, 720 ,SUNRAIN,ACCESSORY
DSD150/6,VACUUM RELEASE VALVE,13, 720 ,SUNRAIN,ACCESSORY
SCF-1F,TWIN FLAT 10MM CABLE WITH EARTH,1039, 650 ,CABLE,TWIN WITHO
DSD150/2,ELBOW 90° 22MM x 22MM,103, 630 ,SUNRAIN,ACCESSORY
SCF-1E,TWIN FLAT 6MM CABLE WITH EARTH,4927, 430 ,CABLE,TWIN WITHO
ND-60/1,NANDE 60W SOLAR CHARGE CONTROLLER,1, 420 ,DAYLIFF,LIGHTING
NSP-NAL-BA2-2,LEG BASE KIT 100MM,7, 420 ,DAYLIFF,SUPPORT ST
DSD150/4,END CAP 22MM,0, 400 ,SUNRAIN,ACCESSORY
SCF-1D,TWIN FLAT 4MM CABLE WITH EARTH,456, 330 ,CABLE,TWIN WITHO
YSM-010/2,MC4 SINGLE MALE/FEMALE PV CONNECTOR SET,62, 320 ,TOPRAY,PV MODULE
ECR-01A,6MM2X1 SOLAR PV CABLE RED,9363, 310 ,CABLE,PV CABLE
ECR-01B,6MM2X1 SOLAR PV CABLE BLACK,9649, 310 ,CABLE,PV CABLE
ECR-1C,2.5MM2X2 SOLAR PV CABLE,0, 250 ,CABLE,PV CABLE
SCF-1C,TWIN FLAT 2.5MM CABLE WITH EARTH,1884, 220 ,CABLE,TWIN WITHO
SUNFLO300-01,PRESS TOOL SUNFLO-S 300,5, 200 ,DAYLIFF,SOLAR PART
DH150/2,HEAT TRANSFER PASTE UVR,5, 200 ,ZMISC.,SUNRAIN
CH-06C,SOLAR BATTERY ACID 1LTR,251, 120 ,DAYLIFF,COMPONENT
SCF-1A,TWIN FLAT 1.5MM CABLE WITH EARTH,878, 120 ,CABLE,TWIN WITHO
DSD150/9,COLLECTOR GASKET ,0, 100 ,SUNRAIN,ACCESSORY
SPSTR-000021,16No.160W 4.5M MILD STEEL SOLAR STRUCTURE,0, 100 ,DAYLIFF,SOLAR FAB
SPSTR-000034,9No. 200W 3M MILD STEEL SOLAR STRUCTURE,0, 99 ,DAYLIFF,SOLAR FAB
SPSTR-000040,8NO.280W 4.5M MILD STEEL SOLAR STRUCTURE,0, 95 ,DAYLIFF,SOLAR FAB
SPSTR-000006,8NO. 200W 3M GROUND MOUNT MILD STEEL STRUCTURE,0, 90 ,DAYLIFF,SOLAR FAB
SPSTR-000033,9No. 200W 3M GROUND MOUNT MILD STEEL SOLAR  STRUCTURE,0, 90 ,DAYLIFF,SOLAR FAB
GVST200-03A,200W (2-5NO) GALV.STEEL 3M GROUND MOUNT STRUCTURE/WATT,0, 81 ,DAYLIFF,SOLAR FAB
SPSTR-000009,16NO.200W 3M GROUND MOUNT MILD STEEL STRUCTURE,0, 80 ,DAYLIFF,SOLAR FAB
SPSTR-000011,8NO. 335W MILD STEEL STRUCTURE ,0, 80 ,DAYLIFF,SOLAR FAB
SPSTR-000013,19NO. 200W MILD STEEL STRUCTURE,0, 80 ,DAYLIFF,SOLAR FAB
SPSTR-000043,8NO.280W 3M MILD STEEL SOLAR STRUCTURE,0, 80 ,DAYLIFF,SOLAR FAB
SPSTR-000047,10NO.280W 3M MILD STEEL SOLAR STRUCTURE,0, 80 ,DAYLIFF,SOLAR FAB
MSST-5742,MS GROUND MOUNT STRUCTRE/WATT (>20NO.& <195W),0, 75 ,DAYLIFF,SOLAR FAB
SPSTR-000022,18No.200W MILD STEEL SOLAR STRUCTURE,0, 75 ,DAYLIFF,SOLAR FAB
SPSTR-000010,22NO.280W 3M GROUND MOUNT MILD STEEL STRUCTURE,0, 60 ,DAYLIFF,SOLAR FAB
SPSTR-000014,18NO.335W 3M GROUND MOUNT MILD STEEL STRUCTURE,0, 60 ,DAYLIFF,SOLAR FAB
GVST280-03A,280W (2-5NO) GALV.STEEL 3M GROUND MOUNT STRUCTURE/WATT,0, 59 ,DAYLIFF,SOLAR FAB
SPSTR-000032,18NO.200W 5M GROUND MOUNT MILD STEEL STRUCTURE,0, 56 ,DAYLIFF,SOLAR FAB
SPSTR-000008,20NO. 280W MILD STEEL STRUCTURE,0, 54 ,DAYLIFF,SOLAR FAB
SPSTR-000020,18No.280W 4.5M MILD STEEL SOLAR STRUCTURE,0, 53 ,DAYLIFF,SOLAR FAB
SPSTR-000035,22NO. 410W 3M GROUND MOUNT MILD STEEL STRUCTURE,0, 52 ,DAYLIFF,SOLAR FAB
MSST-4031,"MS GROUND MOUNT STRUCTURE/WATT (>16NO,195W)",0, 50 ,DAYLIFF,SOLAR FAB
SUNFLO300-02,RUBBER SEALS SUNFLO-S 300,50, 50 ,DAYLIFF,SOLAR PART
GVST335-03A,335W/410W (2-5NO) GALV.STEEL 3M GROUND MOUNT STRUCTURE/WATT,0, 49 ,DAYLIFF,SOLAR FAB
ALST-4030,GALV.STEEL GROUND MOUNT 3M STRUCTURE/WATT >10no.(<410W),0, 47 ,DAYLIFF,SOLAR FAB
GVST200-03B,200W (6-25NO) GALV.STEEL 3M GROUND MOUNT STRUCTURE/WATT,0, 47 ,DAYLIFF,SOLAR FAB
SPSTR-000007,36NO. 200W 3M GROUND MOUNT MILD STEEL STRUCTURE,0, 46 ,DAYLIFF,SOLAR FAB
SPSTR-000016,34NO.545W MILD STEEL SOLAR STRUCTURE,0, 46 ,DAYLIFF,SOLAR FAB
GVST200-01A,200W (2-5NO) GALV.STEEL 1M GROUND MOUNT STRUCTURE/WATT,0, 45 ,DAYLIFF,SOLAR FAB
SPSTR-000025,30No.280W 3M MILD STEEL SOLAR STRUCTURE,0, 45 ,DAYLIFF,SOLAR FAB
SPSTR-000044,3NO.125W SP FLAT ROOF GALVANIZED STRUCTURE,0, 45 ,DAYLIFF,SOLAR FAB
GVST200-03C,200W (26-40NO) GALV.STEEL 3M GROUND MOUNT STRUCTURE/WATT,0, 40 ,DAYLIFF,SOLAR FAB
NSP-IC-NF-40,INNER CLAMP KIT 40MM,54, 40 ,DAYLIFF,SUPPORT ST
SPSTR-000052,2NO.285W 1M MILD STEEL SOLAR STRUCTURE,0, 36 ,DAYLIFF,SOLAR FAB
SPSTR-000002,MILD STEEL STRUCTURE(36NO. 275W),0, 35 ,DAYLIFF,SOLAR FAB
GVST280-01A,280W (2-5NO) GALV.STEEL 1M GROUND MOUNT STRUCTURE/WATT,0, 33 ,DAYLIFF,SOLAR FAB
SPSTR-000015,36NO.335W MILD STEEL SOLAR STRUCTURE ,0, 33 ,DAYLIFF,SOLAR FAB
GVST280-03B,280W (6-25NO) GALV.STEEL 3M GROUND MOUNT STRUCTURE/WATT,0, 32 ,DAYLIFF,SOLAR FAB
GVST545-03A,545W (2-5NO) GALV.STEEL 3M GROUND MOUNT STRUCTURE/WATT,0, 32 ,DAYLIFF,SOLAR FAB
SPSTR-000018,174NO.380W 1M GROUND MOUNT MILD STEEL STRUCTURE,0, 32 ,DAYLIFF,SOLAR FAB
SPSTR-000057,2NO. 545W GROUND MOUNT STRUCTURE ,0, 31 ,DAYLIFF,SOLAR FAB
SPSTR-000005,CARPORT 18NO. 335W | YSM -300,0, 31 ,DAYLIFF,SOLAR FAB
GVST200-00A,200W (2-5NO) GALV.STEEL ROOF MOUNT STRUCTURE/WATT ,0, 30 ,DAYLIFF,SOLAR FAB
SPSTR-000019,4NO.335W SP FLAT ROOF GALVANIZED STRUCTURE,0, 30 ,DAYLIFF,SOLAR FAB
SPSTR-000045,34NO.335W CARPORT STRUCTURE,0, 30 ,DAYLIFF,SOLAR FAB
NSP-EC-F3-31,END CLAMP KT 31MM RM,3, 30 ,DAYLIFF,SUPPORT ST
SPSTR-000030,36NO.335W SP FLAT ROOF GALVANIZED STRUCTURE,0, 30 ,DAYLIFF,SOLAR FAB
GVST200-01B,200W (6-25NO) GALV.STEEL 1M GROUND MOUNT STRUCTURE/WATT,0, 29 ,DAYLIFF,SOLAR FAB
GVST280-03C,280W (26-40NO) GALV.STEEL 3M GROUND MOUNT STRUCTURE/WATT,0, 29 ,DAYLIFF,SOLAR FAB
GVST335-01A,335W/410W (2-5NO) GALV.STEEL 1M GROUND MOUNT STRUCTURE/WATT,0, 27 ,DAYLIFF,SOLAR FAB
GVST335-03B,335W/410W (6-25NO) GALV.STEEL 3M GROUND MOUNT STRUCTURE/WATT,0, 27 ,DAYLIFF,SOLAR FAB
GVST200-01C,200W (26-40NO) GALV.STEEL 1M GROUND MOUNT STRUCTURE/WATT,0, 26 ,DAYLIFF,SOLAR FAB
GVST335-03C,335W/410W(26-40NO) GALV.STEEL 3M GROUND MOUNT STRUCTURE/WATT,0, 25 ,DAYLIFF,SOLAR FAB
SPSTR-000046,8NO.125W SP FLAT ROOF GALVANIZED STRUCTURE,0, 25 ,DAYLIFF,SOLAR FAB
SPSTR-000048,8NO. 550W CONTAINER MOUNT MILD STRUCTURE,0, 25 ,DAYLIFF,SOLAR FAB
GVST545-01A,545W (2-5NO) GALV.STEEL 1M GROUND MOUNT STRUCTURE/WATT,0, 24 ,DAYLIFF,SOLAR FAB
SPSTR-000027,9NO.200W SP FLAT ROOF GALVANIZED STRUCTURE,0, 23 ,DAYLIFF,SOLAR FAB
SPSTR-000003,74NO. 535W -1M HIGH GALVANIZED GROUND MOUNT STRUCTURE,0, 23 ,DAYLIFF,SOLAR FAB
SPSTR-000004,276NO. 540W -1M HIGH GALVANIZED GROUND MOUNT STRUCTURE,0, 22 ,DAYLIFF,SOLAR FAB
GVST280-01B,280W (6-25NO) GALV.STEEL 1M GROUND MOUNT STRUCTURE/WATT,0, 21 ,DAYLIFF,SOLAR FAB
SPSTR-000037,8NO. 545W SP FLAT ROOF GALVANIZED STRUCTURE,0, 21 ,DAYLIFF,SOLAR FAB
ALST-RMT,GALV.STEEL TIN ROOF MOUNT STRUCTURE/WATT,0, 20 ,DAYLIFF,SOLAR FAB
GVST545-03B,545W (6-25NO) GALV.STEEL 3M GROUND MOUNT STRUCTURE/WATT,0, 20 ,DAYLIFF,SOLAR FAB
SPSTR-000012,36NO. 335W GALVANIZED GROUND MOUNT STRUCTURE ,0, 20 ,DAYLIFF,SOLAR FAB
SPSTR-000023,8NO.280W SP FLAT ROOF GALVANIZED STRUCTURE,0, 20 ,DAYLIFF,SOLAR FAB
SPSTR-000026,32NO.545W SP FLAT ROOF GALVANIZED STRUCTURE,0, 20 ,DAYLIFF,SOLAR FAB
SPSTR-000028,3X14NO.545W GALV.STEEL GROUND MOUNT 1M SOLAR STRUCTURE,0, 20 ,DAYLIFF,SOLAR FAB
SPSTR-000029,10No. 545W  FLAT ROOF GALVANIZED STRUCTURE,0, 20 ,DAYLIFF,SOLAR FAB
SPSTR-000031,OFGEN 1M GALVANIZED STRUCTURE,0, 20 ,DAYLIFF,SOLAR FAB
SPSTR-000038,12NO.545W SP FLAT ROOF GALVANIZED STRUCTURE,0, 20 ,DAYLIFF,SOLAR FAB
SPSTR-000039,6NO.545W SP FLAT ROOF GALVANIZED STRUCTURE,0, 20 ,DAYLIFF,SOLAR FAB
SPSTR-000042,2NO. 545W SP FLAT ROOF GALVANIZED STRUCTURE,0, 20 ,DAYLIFF,SOLAR FAB
SPSTR-000049,6NO.410W SP FLAT ROOF GALVANIZED STRUCTURE,0, 20 ,DAYLIFF,SOLAR FAB
SPSTR-000050,2NO.5500W SP FLAT ROOF GALVANIZED STRUCTURE,0, 20 ,DAYLIFF,SOLAR FAB
SPSTR-000051,3NO.335W SP FLAT ROOF GALVANIZED STRUCTURE,0, 20 ,DAYLIFF,SOLAR FAB
SPSTR-000055,48NO. 545W SP FLAT ROOF GALVANIZED STRUCTURE,0, 20 ,DAYLIFF,SOLAR FAB
SPSTR-000056,8NO.350W SP FLAT ROOF GALVANIZED STRUCTURE,0, 20 ,DAYLIFF,SOLAR FAB
SPSTR-000059,32NO.660W GALV.STEEL 3M GROUND MOUNT STRUCTURE,0, 20 ,DAYLIFF,SOLAR FAB
SP-STRUCTURE,152NO.335W SP FLAT ROOF GALVANIZED STRUCTURE,0, 20 ,DAYLIFF,SOLAR FAB
GVST280-00A,280W (2-5NO) GALV.STEEL ROOF MOUNT STRUCTURE/WATT ,1120, 19 ,DAYLIFF,SOLAR FAB
GVST280-01C,280W (26-40NO) GALV.STEEL 1M GROUND MOUNT STRUCTURE/WATT,0, 19 ,DAYLIFF,SOLAR FAB
GVST200-00B,200W (6-25NO) GALV.STEEL ROOF MOUNT STRUCTURE/WATT,0, 18 ,DAYLIFF,SOLAR FAB
GVST335-01B,335W/410W (6-25NO) GALV.STEEL 1M GROUND MOUNT STRUCTURE/WATT,0, 18 ,DAYLIFF,SOLAR FAB
GVST200-00C,200W (26-40NO) GALV.STEEL ROOF MOUNT STRUCTURE/WATT ,0, 16 ,DAYLIFF,SOLAR FAB
GVST335-01C,335W/410W (26-40NO) GALV.STEEL 1M GROUND MOUNT STRUCTURE/WATT,0, 16 ,DAYLIFF,SOLAR FAB
GVST545-01B,545W (6-25NO) GALV.STEEL 1M GROUND MOUNT STRUCTURE/WATT,0, 16 ,DAYLIFF,SOLAR FAB
GVST545-03C,545W (26-40NO) GALV.STEEL 3M GROUND MOUNT STRUCTURE/WATT,0, 16 ,DAYLIFF,SOLAR FAB
GVST335-00A,335W/410W (2-5NO) GALV.STEEL ROOF MOUNT STRUCTURE/WATT,670, 15 ,DAYLIFF,SOLAR FAB
GVST545-01C,545W (26-40NO) GALV.STEEL 1M GROUND MOUNT STRUCTURE/WATT,0, 15 ,DAYLIFF,SOLAR FAB
SPSTR-000017,26NO.400W SP FLAT ROOF GALVANIZED STRUCTURE,0, 15 ,DAYLIFF,SOLAR FAB
SPSTR-000041,20NO.545W SP FLAT ROOF GALVANIZED STRUCTURE,0, 15 ,DAYLIFF,SOLAR FAB
SPSTR-000054,285NO. 545W 1M GROUND MOUNT GALV. STEEL STRUCTURE OLONANA  ,0, 15 ,DAYLIFF,SOLAR FAB
GVST545-00A,545W (2-5NO) GALV.STEEL ROOF MOUNT STRUCTURE/WATT ,0, 13 ,DAYLIFF,SOLAR FAB
GVST280-00B,280W (6-25NO) GALV.STEEL ROOF MOUNT STRUCTURE/WATT,0, 10 ,DAYLIFF,SOLAR FAB
GVST280-00C,280W (26-40NO) GALV.STEEL ROOF MOUNT STRUCTURE/WATT ,0, 10 ,DAYLIFF,SOLAR FAB
GVST335-00B,335W/410W (6-25NO) GALV.STEEL ROOF MOUNT STRUCTURE/WATT,2460, 10 ,DAYLIFF,SOLAR FAB
SPSTR-000024,8NO.335W SP FLAT ROOF GALVANIZED STRUCTURE,0, 10 ,DAYLIFF,SOLAR FAB
GVST335-00C,335W/410W (26-40NO) GALV.STEEL ROOF MOUNT STRUCTURE/WATT ,0, 9 ,DAYLIFF,SOLAR FAB
GVST545-00B,545W (6-25NO) GALV.STEEL ROOF MOUNT STRUCTURE/WATT,0, 9 ,DAYLIFF,SOLAR FAB
GVST545-00C,545W (26-40NO) GALV.STEEL ROOF MOUNT STRUCTURE/WATT ,0, 8 ,DAYLIFF,SOLAR FAB
SPSTR-000053,100NO. 550W FLAT ROOF GALVANIZED STRUCTURE -ONGIRA,0, 7 ,DAYLIFF,SOLAR FAB
SPSTR-000001,GALV.STEEL TIN ROOF MOUNT STRUCTURE/WATT               ,0, 5 ,DAYLIFF,SOLAR FAB
ASS000001000,TEMPERATURE SENSOR QUA/PMP/VENUS GX,2," 1,470 ",ZMISC.,ACCESSORY
BPP900200201,CCGX Wi-Fi MODULE LONG RANGE (GEMBIRD WNP-UA-002),1," 3,900 ",ZMISC.,ACCESSORY
DSD150/3,TEE 22MM x 22MM x 22MM,30, 740 ,SUNRAIN,ACCESSORY
DSD150/8,ULTRASUN UFS150D SOLAR HOT WATER TANK,0," 133,000 ",SUNRAIN,ACCESSORY
ESI150/1,ON ROOF MOUNTING SET-1 COLLECTOR,8," 6,500 ",BURAL,ACCESSORY
ESI200/1,ON ROOF MOUNTING SET-2 COLLECTOR,4," 18,000 ",BURAL,ACCESSORY
PVSWITCH-DC/1,SURGE PROTECT PS150/PS200,1," 1,820 ",LORENTZ,ACCESSORY
PVSWITCH-DC/2,SURGE PROTECT PS600/PS1800,0," 40,500 ",LORENTZ,ACCESSORY
PVSWITCH-DC/4,SURGE PROTECT WELL PROBE/FLOATSWITCH,2," 4,100 ",LORENTZ,ACCESSORY
SA-02,S-CONNECTOR,21, 1 ,SUNDAYA,ACCESSORY
SA-03,T-CONNECTOR,243, 10 ,SUNDAYA,ACCESSORY
SA-05,DC SOCKET PLUG,1, 1 ,SUNDAYA,ACCESSORY
SA-07,APOLLO LAMP BASE,2179, 1 ,SUNDAYA,ACCESSORY
SA-13B,DCS CABLE 30Am,0, 10 ,SUNDAYA,ACCESSORY
SA-16,HUB 1 CABLE,1, 1 ,SUNDAYA,ACCESSORY
SA-5A,4 WAY SOCKET & D- PLUG,1, 1 ,SUNDAYA,ACCESSORY
SC,EZINC SOLAR AC CONTROLLER,1, 740 ,ZMISC.,ACCESSORY
SG-ARP,ANTI-REVERSE POWER CONTROLLER,5," 47,810 ",DAYLIFF,ACCESSORY
SG-WIFI,WIFI PLUG FOR SUNGRID,17," 3,900 ",DAYLIFF,ACCESSORY
SMART-POWER A,SMART-POWER 100A,1," 36,000 ",DAYLIFF,ACCESSORY
SMA-SB050/1,SMA POWER CONTROL MODULE SB5000/STP20000/STP25000,5," 11,610 ",SMA,ACCESSORY
SMA-SI/8,DC SURGE ARRESTER,1," 11,000 ",SMA,ACCESSORY
SBS-018/12,DAYLIFF 18AH 12V SEALED SOLAR BATTERY,0," 6,000 ",DAYLIFF,BATTERY
SBS-018/12A,DAYLIFF 18AH 12V SEALED SOLAR BATTERY KIT,0, -   ,DAYLIFF,BATTERY
SBS-035/12A,DAYLIFF 35AH 12V SEALED SOLAR BATTERY KIT,0," 31,000 ",DAYLIFF,BATTERY
SBS-1500/2,DAYLIFF 1500Ah 2V SEALED SOLAR BATTERY,0," 84,000 ",CHAMPION,BATTERY
OPC-SC05,OPTI SC-SM 5A 12VDC CHARGE CONTROLLER,60," 2,000 ",OPTI,CHARGE CON
OPC-SC80,OPTI SC-80A 12-48VDC MPPT CHARGE CONTROLLER,4," 245,000 ",OPTI,CHARGE CON
SCC-10,SUNDAYA APPLE 10A CHARGE CONTROLLER,3," 6,000 ",SUNDAYA,CHARGE CON
SCC-15,SUNDAYA APPLE 15A CHARGE CONTROLLER,2," 7,800 ",SUNDAYA,CHARGE CON
SCC-40B,STECA TAROM 4545 45A LCD 48VDC CHARGE CONTROLLER,2," 92,000 ",STECA,CHARGE CON
160G,160L GALVANIZED 500*800MM TANK,3," 22,300 ",ZMISC.,COMPONENT
320G,320L GALVANIZED 500*1600 TANK,2," 45,700 ",ZMISC.,COMPONENT
AG150/4,ELECTRIC HEAT ADAPTOR,0, -   ,BURAL,COMPONENT
FPS/3,THERMOSTAT,1," 1,000 ",SUNRAIN,COMPONENT
SC-1/2,WATER HEATING ELEMENT-240/415 12KW 3PH,1," 2,290 ",ZMISC.,COMPONENT
2088/1,SHURFLO LINEAR CURRENT BOOSTER,10, 3 ,ZMISC.,DAYLIFF
2088/3,"SHURFLO STRAINER 2088, 8000",2, 1 ,ZMISC.,DAYLIFF
FPC,SOLAR DC CONTROLLER,21," 4,000 ",ZMISC.,DAYLIFF
SH8000HP,SHURFLO 12V DC HIGH PRESSURE,0, -   ,ZMISC.,DAYLIFF
SH9325,SHURFLO 24V DC SUBMERSIBLE PUMP,1," 41,000 ",ZMISC.,DAYLIFF
SUNFLO-X 500H1.6,DAYLIFF SUNFLO-X 500H PUMP C/W CONTROLLER,0, -   ,ZMISC.,DAYLIFF
SV600-R-PG,SOLAR INVERTER PM600D C/W Water Level Switch,1," 30,000 ",ZMISC.,DAYLIFF
WIFI-F,GROWATT SHINE WIFI-F,138," 12,000 ",ZMISC.,DAYLIFF
3TSS/1,CONTROLLER SUNFLO B 120H,4," 51,000 ",DAYLIFF,DC CONTROL
CB055,PV DISCONNECT 5.5KW CONTROL BOX,1," 48,980 ",DAYLIFF,DC CONTROL
CB220,PV DISCONNECT 22KW CONTROL BOX,3," 85,000 ",DAYLIFF,DC CONTROL
LC015D,LORENTZ PS150 0.3kVA CONTROLLER,2," 13,460 ",LORENTZ,DC CONTROL
LC020D,LORENTZ PS200 0.3kVA CONTROLLER,0," 26,550 ",LORENTZ,DC CONTROL
LC060D,LORENTZ PS600 0.7kVA CONTROLLER,0," 45,000 ",LORENTZ,DC CONTROL
SP0600H/1,CONTROLLER SUNFLO-X 600H,3," 26,260 ",DAYLIFF,DC CONTROL
SP1200H/1,CONTROLLER SUNFLO-X 1200H,5," 40,000 ",DAYLIFF,DC CONTROL
SP1800C/1,CONTROLLER SUNFLO- X 1800C,2," 36,000 ",DAYLIFF,DC CONTROL
LP0150H,LORENTZ PU150HR-04S-3 PUMP,2," 40,270 ",LORENTZ,DC PUMP
LP0150H/1,LORENTZ PE150HR-04S-3 PUMP,2," 24,940 ",LORENTZ,DC PUMP
LP015C,LORENTZ PU150C-SJ5-8 SOLAR PUMP,1," 29,190 ",LORENTZ,DC PUMP
LP060CF,LORENTZ PU600CS-F3-7 DC SURFACE PUMP,0," 233,000 ",LORENTZ,DC PUMP
LP400C3,LORENTZ PU4000C-SJ3-32 SOLAR PUMP,1," 82,160 ",LORENTZ,DC PUMP
LP400CF,LORENTZ PU4000CS-F8-8 DC SURFACE PUMP,1," 74,110 ",LORENTZ,DC PUMP
PS4000SCJ3,LORENTZ PE4000 C-SJ3-32 PUMP END,1," 19,950 ",LORENTZ,DC PUMP
PS4000SCJ5,LORENTZ PE4000 C-SJ5-25 PUMP END,3," 32,200 ",LORENTZ,DC PUMP
LM003H,LORENTZ EC200-HR 0.3kVA MOTOR,1," 32,100 ",LORENTZ,DCMOTOR
LM006H,LORENTZ EC600-HR 0.6kVA MOTOR,0," 45,000 ",LORENTZ,DCMOTOR
LM012H,LORENTZ EC1200-HR 1.7kVA MOTOR,0," 141,000 ",LORENTZ,DCMOTOR
LM040C,LORENTZ EC4000-C 4kVA MOTOR,0," 45,000 ",LORENTZ,DCMOTOR
DSM3001M,"DAYLIFF 3"" 0.12kW 1PH DC SUB MOTOR",2," 7,670 ",DAYLIFF,DS MOTOR
DSM3005M,"DAYLIFF 3"" 0.5kW 1PH DC SUB MOTOR",0," 13,150 ",DAYLIFF,DS MOTOR
DSM4006D,DAYLIFF 0.6kW DC SUB MOTOR,2," 26,630 ",DAYLIFF,DS MOTOR
DSM4010M,"DAYLIFF 4"" 1kW 1PH DC SUB MOTOR",2," 53,000 ",DAYLIFF,DS MOTOR
DSM4011D,DAYLIFF 1.1kW DC SUB MOTOR,3," 29,500 ",DAYLIFF,DS MOTOR
DSM4015D,DAYLIFF 1.5kW DC SUB MOTOR,4," 101,000 ",DAYLIFF,DS MOTOR
DTU,DAYLIFF DTU DATA MONITOR,15, 50 ,ELECTRICAL,ELEC SUNDR
160V,EZINC 160L VERTICAL SOLAR SYSTEM,0, -   ,ZMISC.,EZINC
ESD150/1,EZINC 150L TANKS -DEMO,0, -   ,ZMISC.,EZINC
02500TL-X,DAYLIFF GROWATT 2.5KW 1PH GRID-TIE INVERTER,5," 115,000 ",DAYLIFF,GROWATT
05000TL3-XE,DAYLIFF GROWATT 5KW 3PH GRID-TIE INVERTER,6," 275,000 ",DAYLIFF,GROWATT
7929,HOOK UP KIT C/W VACUUM VALVE DAYLIFF SOLAR PANEL,0, -   ,POOL,HEATING
7932,DAYLIFF POOL SOLAR PANEL CONTROL UNIT,1," 48,000 ",POOL,HEATING
OPI-SP060,OPTI SP6000 48VDC HYBRID INVERTER,2," 188,000 ",ZMISC.,INVERTER
OPI-SP20K,OPTI PREMIUM SP20K INVERTER CHARGER,1," 505,860 ",OPTI,INVERTER
OPI-SP30K,OPTI PREMIUM SP30K INVERTER CHARGER,1," 635,160 ",OPTI,INVERTER
OPI-SPE050,OPTI SP EFECTO 5000 48VDC HYBRID INVERTER,0," 195,000 ",OPTI,INVERTER
OPI-SPV060,OPTI SP6000 VITALITY GENERATION 2 INVERTER,0, -   ,ZMISC.,INVERTER
SMA-SB025,SUNNY BOY SB2.5VL 2.5kW INVERTER,1," 37,640 ",SMA,INVERTER
SMA-SI6M,SUNNY ISLAND MASTER SI6H-12 6kW BATTERY INVERTER,22," 177,350 ",SMA,INVERTER
SMA-SI8S,SUNNY ISLAND SLAVE SI8H-12 8kW BATTERY INVERTER,1," 133,110 ",SMA,INVERTER
SMA-ST050,SUNNY TRIPOWER STP5000TL INVERTER,2," 96,530 ",SMA,INVERTER
SMA-ST060,SUNNY TRIPOWER STP6000TL INVERTER,1," 84,130 ",SMA,INVERTER
SMA-ST12,SUNNY TRIPOWER STP12000TL INVERTER,0," 259,000 ",SMA,INVERTER
SUN2000-003KTL-M1,HUAWEI SUN2000 3KTL-M1 3KW 3PH SOLAR INVERTER,10," 177,000 ",HUAWEI,INVERTER
VM000,VICTRON MULTIPLUS DUMMY,5, 1 ,VICTRON,INVERTER
VM008,"VICTRON MULTIPLUS 800VA, 12VDC INVERTER",1," 80,000 ",VICTRON,INVERTER
DMSL-9-3,DAYLIFF SUNLITE L10 HIGH PERFORMANCE SOLAR LANTERN,0, 1 ,DAYLIFF,LIGHTING
DMSL-9-6,DAYLIFF SUNLITE L10M MULTIFUNCTION SOLAR LANTERN,0, 2 ,DAYLIFF,LIGHTING
DOSL-21,DAYLIFF SUNLITE L5 SOLAR LANTERN,0, 500 ,DAYLIFF,LIGHTING
DSEK-20F,DAYLIFF SUNSYSTEM 3 SOLAR ENERGY KIT,0," 2,500 ",DAYLIFF,LIGHTING
DSEK-9-2,DAYLIFF SUNSYSTEM 1 SOLAR ENERGY KIT,0," 1,200 ",DAYLIFF,LIGHTING
DSEK-9-4,DAYLIFF SUNSYSTEM 2 SOLAR ENERGY KIT,2," 1,500 ",DAYLIFF,LIGHTING
DSRL-3,DAYLIFF SUNLITE T5 TABLE LIGHT,0, 400 ,DAYLIFF,LIGHTING
DSSML-3,DAYLIFF SUNLITE S30 SOLAR MOTION LIGHT,2, 280 ,DAYLIFF,LIGHTING
MO-120,MOBIYA TS 120S SOLAR LIGHT,0, 360 ,DAYLIFF,LIGHTING
ND-40,NANDE 40W SOLAR STREET LIGHT,2," 9,500 ",DAYLIFF,LIGHTING
ND-40/1,NANDE 40W CHARGE CONTROLLER,7," 3,000 ",DAYLIFF,LIGHTING
ND-60,NANDE 60W SOLAR STREET LIGHT,22," 20,000 ",DAYLIFF,LIGHTING
NDI-10/1,BATTERY NDI 10,0, 500 ,DAYLIFF,LIGHTING
NDI-10/2,PCB BOARD NDI 10,12, 10 ,DAYLIFF,LIGHTING
NDI-20/1,BATTERY NDI 20,0," 1,000 ",DAYLIFF,LIGHTING
NDI-20/2,PCB BOARD NDI 20,9, 10 ,DAYLIFF,LIGHTING
NDI-40/2,BATTERY 40W SOLAR STREET LIGHTS,7," 1,320 ",DAYLIFF,LIGHTING
NDI-60/2,BATTERY 60W SOLAR STREET LIGHTS,7," 2,200 ",DAYLIFF,LIGHTING
SL-01A/2,BALLAST DC-6W,0, 10 ,SUNDAYA,LIGHTING
SL-01B,A-LIGHT 10W,0, 1 ,SUNDAYA,LIGHTING
SL-01B/1,A-LIGHT TUBE 10W,81, 1 ,SUNDAYA,LIGHTING
SL-10,ULITE 3W,0, 60 ,SUNDAYA,LIGHTING
SL-11,SUNDAYA 2 ULITIUM 200 LIGHTING KIT,0, 1 ,SUNDAYA,LIGHTING
SL-3/1,BALLAST DC-10W,156, 1 ,SUNDAYA,LIGHTING
SM-8A,DAYLIFF 5W LED SOLAR LIGHT,0, 20 ,DAYLIFF,LIGHTING
06-000510,PS600 CS-3-1 CONTROLLER,0, -   ,ZMISC.,LORENTZ
10-005221,LORENTZ PU9K C-SJ8-44 6'' 7.5KW PUMP,0, -   ,ZMISC.,LORENTZ
10-010420,LORENTZ PU25K2 C-SJ30-22 D PUMP UNIT,0, -   ,ZMISC.,LORENTZ
14-008430,LORENTZ PE4000 C-SJ8-15 PUMP,5," 154,540 ",ZMISC.,LORENTZ
19-000124,LORENTZ 440-40-6 PV DISCONNECT,1," 13,440 ",ZMISC.,LORENTZ
19-000220,"FLOW SLEEVE KIT 4"" HR PUMP",1, 540 ,ZMISC.,LORENTZ
19-000295,LORENTZ PS COMMUNICATOR NO BATTERY,0, -   ,ZMISC.,LORENTZ
19-001040,LORENTZ POWER PACK 600H,1," 33,680 ",ZMISC.,LORENTZ
19-002601,LC20-12M PV MODULE PRE WIRED FIXTURE,0, -   ,ZMISC.,LORENTZ
19-002750,LIQUID PRESSURE SENSOR 0-5 BAR,1," 2,290 ",ZMISC.,LORENTZ
19-005035,LIQUID LEVEL SENSOR 2M/6FT CABLE,1," 1,070 ",ZMISC.,LORENTZ
DEMO,LORENTZ PS DEMO KIT,1, 1 ,ZMISC.,LORENTZ
LP120-5H,LORENTZ PE1200HR-05HL PUMP END,1," 21,960 ",ZMISC.,LORENTZ
LP120E,LORENTZ PE1800HR-14-2 PUMP END,2," 8,190 ",ZMISC.,LORENTZ
PS600HR/2,LORENTZ 0.75KW MOTOR,1," 5,100 ",ZMISC.,LORENTZ
OPI-SP024,OPTI SP2400 24VDC HYBRID INVERTER,0, -   ,ZMISC.,OPTI
OPI-SPI010,OPTI SP INITIAL 1000 12VDC HYBRID INVERTER,1," 14,060 ",ZMISC.,OPTI
OPI-SPI020,OPTI SP INITIAL 2000 24VDC HYBRID INVERTER,0, -   ,ZMISC.,OPTI
SP1200D,OPTI SP 1200 DUMMY CASE,1," 10,000 ",ZMISC.,OPTI
ECR-1A,6MM2X2 SOLAR PV CABLE,2, 840 ,CABLE,PV CABLE
ASM-285,DAYLIFF 285W POLYCRYSTALLINE SOLAR MODULE,1, -   ,DAYLIFF,PV MODULE
TSM-125,DAYLIFF 125W CRYSTALLINE SOLAR PANEL SET SF2,0, -   ,ZMISC.,PV MODULE
10-005591,LORENTZ SINGLE STAGE JET PUMP PU600CS-3-1,0, -   ,ZMISC.,SAMPLE
4CW11-4/126,TAIFU SQF 4CW1.1-4/126 SOLAR PUMP,0, -   ,ZMISC.,SAMPLE
4CW11-4/126A,AC-DC SOLAR CONTROLLER,1, -   ,ZMISC.,SAMPLE
4CW11-4/126B,AC-DC SOLAR CONTROLLER,1, -   ,ZMISC.,SAMPLE
DC50E-24,DAYLIFF SOLAR 24VDC PUMP,0, -   ,ZMISC.,SAMPLE
DDP60C,DAYLIFF QB60 0.22kW 24VDC SOLAR PUMP,0, -   ,ZMISC.,SAMPLE
INVERT-SAMPLE,SV2 2.2kW SAMPLE INVERTER,1," 25,000 ",ZMISC.,SAMPLE
NDI-40,NANDE 40W INTEGRATED SOLAR STREET LIGHT,2, -   ,ZMISC.,SAMPLE
NE-0400/12A,HYBRID CONTROLLER 400W 24VDC,0, -   ,ZMISC.,SAMPLE
PM600D,DAYLIFF PM600D CONTROLLER,1," 29,000 ",ZMISC.,SAMPLE
SM-5A,US LM5 PANEL,0, -   ,ZMISC.,SAMPLE
SP-1025,"SUNPACK SP-1025/15A 825VA/15A, 12V",0, -   ,ZMISC.,SAMPLE
SPF-3000TL,SPF3000TL HVM-24,1, -   ,ZMISC.,SAMPLE
SV400,DAYLIFF SV400 0.4KW 1PH SUNVERTER,1," 5,000 ",ZMISC.,SAMPLE
TAIFU-SAMPLE1,TAIFU SUNFLEX 45W 1.11-1/370 SUBMERSIBLE PUMP,1," 1,000,000 ",ZMISC.,SAMPLE
TAIFU-SAMPLE4,TAIFU 4.2KW COIL 5-400-CT01,5, -   ,ZMISC.,SAMPLE
TKFR-35GW,SOLAR AIR CONDITIONER TKFR-35GW,0, -   ,ZMISC.,SAMPLE
UPS-3000,S-20 3000VA 36V HOME UPS,0, -   ,ZMISC.,SAMPLE
C17,ULTRASUN PRE 1.8M SOLAR COLLECTOR,2," 54,000 ",BURAL,SHW
C18,ULTRASUN PRE 1.8M SOLAR COLLECTOR,1," 31,300 ",BURAL,SHW
C29,ULTRASUN PRE 2.8M SOLAR COLLECTOR,10," 73,000 ",BURAL,SHW
DSH200/1,ULTRASUN UVR200  SOLAR HOT WATER TANK,1," 140,000 ",SUNRAIN,SHW
DSI150,ULTRASUN 150L INDIRECT SOLAR HOT WATER SYSTEM,1," 48,500 ",SUNRAIN,SHW
DSI200,ULTRASUN 200L INDIRECT SOLAR HOT WATER SYSTEM,0," 122,000 ",SUNRAIN,SHW
EDLI300,ERASLAN 300L INDIRECT DAYLIGHT SOLAR HEATER,1," 130,000 ",ERASLAN,SHW
ESD300A,ULTRASUN UFX300D TANK,0," 151,000 ",BURAL,SHW
ESI160/2,160I SOLAR WATER TANK,0, -   ,BURAL,SHW
ESI200/2,ULTRASUN UFX200I HOT WATER TANK,0," 255,000 ",BURAL,SHW
ESS350,ULTRASUN CWS0400 VERTICAL SOLAR HOT WATER SYSTEM,0," 520,000 ",BURAL,SHW
SWD160L,ULTRASUN UFD160DL FLATPLATE SOLAR HOT WATER SYSTEM,1," 41,340 ",DAYLIFF,SHW
SP1800C-1,PUMP END SUNFLO-X 1800C,1," 12,180 ",DAYLIFF,SO PUMP
DM-485,SMA DM-485CB-10,2," 8,880 ",ZMISC.,SOLAR
LED-F/50,60W NIKON LED STREET LIGHT DC/AC,4," 4,440 ",SOLAR,SOLAR
MC-BOX,MULTICLUSTER BOX TYPE 6.3,1," 178,650 ",ZMISC.,SOLAR
NE-1000/48A,HYBRID CONTROLLER 1000W 48VDC,3," 20,910 ",ZMISC.,SOLAR
S-LANTERN,SOLAR LANTERN,1, 1 ,SOLAR,SOLAR
SM-6C,SOLAR MOBILE CHARGER,0, -   ,ZMISC.,SOLAR
SM-6E,12W ARMOPHOUS MODULE DOUBLE GLASS,0, -   ,ZMISC.,SOLAR
SM-7B,COOL WHITE 5W 35LED 3CHIPS 12VDC,4, 1 ,ZMISC.,SOLAR
SM-7C,COOL WHITE 3W LED 3 1 HIGH POWER 12VDC,2, 1 ,ZMISC.,SOLAR
SOLAR2/6,PEDROLLO FLUID SOLAR 2/6,1," 85,000 ",PEDROLLO,SOLAR
IO102,IO 102 BREAKER BOX FOR H80,1," 17,030 ",GRUNDFOS,SOLAR ACCE
SPS-3C,20W STREET LIGHT C/W 6M POLE AND 80W PANEL,0," 120,000 ",DAYLIFF,SOLAR FAB
SPS-3J,DAYLIFF 60W INTEGRATED STREEL LIGHT C/W 6M POLE,1," 140,000 ",DAYLIFF,SOLAR FAB
DSD160L/1,DAYLIFF 160L SOLAR TANK,0," 85,000 ",FG,SOLAR HOT
SA-2B,FLUORESCENT LIGHT 8W 12V,1, 1 ,ZMISC.,SOLAR MODU
DSKIT-S150B,DAYLIFF SUNFLO-S 150 SOLAR PUMPING SYSTEM C/W BAT,0," 82,000 ",DAYLIFF,SOLAR PUMP
SP1200H,DAYLIFF SUNFLO-X 1200H PUMP C/W CONTROLLER,1," 94,000 ",DAYLIFF,SOLAR PUMP
YM2440-30,DAYLIFF SUNFLO-S 150 SOLAR PUMP C/W CON,1," 24,000 ",DAYLIFF,SOLAR PUMP
RSI 4000,GRUNDFOS RSI 4000 4KW SOLAR INVERTER,0," 358,000 ",GRUNDFOS,SOLAR SP
SQF0.6-3,GRUNDFOS SQF 0.6-3 SOLAR PUMP,0," 407,000 ",GRUNDFOS,SOLAR SP
SQFM018A,GRUNDFOS SQF 1.8 MINI PUMPING SYSTEM C/W PV PANELS,0," 186,000 ",GRUNDFOS,SOLAR SP
SQFM1.8,GRUNDFOS SQF 1.8 MINI SOLAR PUMP,2," 90,000 ",GRUNDFOS,SOLAR SP
SWD160L/2,160S PIPE FITTINGS,0," 46,400 ",DAYLIFF,SUB ASSEMBLY
SWD160L/4,160L GALVANIZED FRAME,2," 18,900 ",DAYLIFF,SUB ASSEMBLY
SWD160L/5,160S GALVANIZED FRAME,0," 19,200 ",DAYLIFF,SUB ASSEMBLY
SWD220/3,220L PIPE FITTINGS,0," 58,000 ",DAYLIFF,SUB ASSEMBLY
SWD320/4,320L GALVANIZED FRAME,2," 34,800 ",DAYLIFF,SUB ASSEMBLY
SCC-1,SUNDAYA APPLE 20A CHARGE CONTROLLER,0, -   ,ZMISC.,SUNDAYA
SV1/055T,DAYLIFF SV1 5.5KW 3PH SUNVERTER,0," 52,830 ",DAYLIFF,SUNVERTER
SV1/075T,DAYLIFF SV1 7.5KW 3PH SUNVERTER,0," 49,090 ",DAYLIFF,SUNVERTER
SV1/11T,DAYLIFF SV1 11KW 3PH SUNVERTER,0," 83,500 ",DAYLIFF,SUNVERTER
SV1/45T,DAYLIFF SV1 45KW 3PH SUNVERTER,2," 696,000 ",DAYLIFF,SUNVERTER
NSP-1K-01,GROUNDING LUG,179, 4 ,DAYLIFF,SUPPORT ST
NSP-AL-AS40-6000,ANGLE ALUMINIUM DIAGONAL DRAW BAR 6000MM,13, 200 ,DAYLIFF,SUPPORT ST
NSP-AL-T5540-6000A,DIAGONAL DRAW BAR,0, 700 ,DAYLIFF,SUPPORT ST
NSP-AL-T55-6000A,REAR LEG 6000MM,13," 2,050 ",DAYLIFF,SUPPORT ST
NSP-BR3-6000,LONGITUDINAL RAIL BEAM 6000MM,10, 450 ,DAYLIFF,SUPPORT ST
NSP-CR-C60,RAIL CLAMP KIT 60MM,51, 5 ,DAYLIFF,SUPPORT ST
NSP-EC-F3-35,END CLAMP KIT 35MM RM,4, 130 ,DAYLIFF,SUPPORT ST
NSP-EC-NF2-25,END CLAMP KIT 25MM GM,88, 50 ,DAYLIFF,SUPPORT ST
NSP-EC-NF2-31,END CLAMP KIT 31MM GM,177, 5 ,DAYLIFF,SUPPORT ST
NSP-EC-NF3-31,END CLAMP KIT 31MM GM,118, 50 ,DAYLIFF,SUPPORT ST
NSP-EC-NF3-40,END CLAMP KIT 40MM -ROOF SYSTEM,12, 4 ,DAYLIFF,SUPPORT ST
NSP-F76B1,GROUND SCREW,34, 610 ,DAYLIFF,SUPPORT ST
NSP-G-GC,GROUNDING CLIP,10, 1 ,DAYLIFF,SUPPORT ST
NSP-HB-1080,HEX HEAD BOLT SET M10X80,236, 4 ,DAYLIFF,SUPPORT ST
NSP-HB1-1240,HEX HEAD BOLT SET M12X40,197, 5 ,DAYLIFF,SUPPORT ST
NSP-HB3-1090,BOLT SPARE PARTS M10X90,38, 10 ,DAYLIFF,SUPPORT ST
NSP-IC-F-31,INNER CLAMP KIT 31MM,264, 40 ,DAYLIFF,SUPPORT ST
NSP-IC-F-35A,INNER CLAMP KIT 35MM- ROOF SYSTEM,0, 50 ,DAYLIFF,SUPPORT ST
NSP-IC-F-40,INNER CLAMP KIT 40MM,0, 130 ,DAYLIFF,SUPPORT ST
NSP-IC-NF-25,INNER CLAMP KIT 25MM,114, 50 ,DAYLIFF,SUPPORT ST
NSP-IC-NF-31,INNER CLAMP KIT 31MM,3, 4 ,DAYLIFF,SUPPORT ST
NSP-IC-NF-35,INNER CLAMP KIT 35MM,2, 40 ,DAYLIFF,SUPPORT ST
NSP-R01-6000,STANDARD RAIL 6000MM,2," 1,510 ",DAYLIFF,SUPPORT ST
NSP-R01-SPK,STANDARD RAIL SPLICE KIT ROOF MOUNT,95, 90 ,DAYLIFF,SUPPORT ST
NSP-STB-6325,SCREW RAIL SPLICE KIT GROUND,472, 1 ,DAYLIFF,SUPPORT ST
TSSM12-50,"TAIFU TSSM 1.2-50 CS 0.37kW 3"" PUMP",0, -   ,ZMISC.,TAIFU
VQ080,VICTRON QUATTRO 8000VA 48VDC INVERTER,3," 668,000 ",ZMISC.,VICTRON
VQ100,VICTRON QUATTRO 10000VA 48VDC INVERTER,2," 800,000 ",ZMISC.,VICTRON
VSI-MK3,SOLAR INTERFACE MK3-USB (VE.Bus to USB),0, -   ,ZMISC.,VICTRON
NE-0400/12,DAYLIFF WIND TURBINE NE400-12 C/W CONTROLLER,0," 135,000 ",DAYLIFF,WIND GENER
